file_id,filename,genre,artist,split,mfcc1_mean,mfcc1_std,mfcc2_mean,mfcc2_std,mfcc3_mean,mfcc3_std,mfcc4_mean,mfcc4_std,mfcc5_mean,mfcc5_std,mfcc6_mean,mfcc6_std,mfcc7_mean,mfcc7_std,mfcc8_mean,mfcc8_std,mfcc9_mean,mfcc9_std,mfcc10_mean,mfcc10_std,mfcc11_mean,mfcc11_std,mfcc12_mean,mfcc12_std,mfcc13_mean,mfcc13_std,dmfcc1_mean,dmfcc1_std,dmfcc2_mean,dmfcc2_std,dmfcc3_mean,dmfcc3_std,dmfcc4_mean,dmfcc4_std,dmfcc5_mean,dmfcc5_std,dmfcc6_mean,dmfcc6_std,dmfcc7_mean,dmfcc7_std,dmfcc8_mean,dmfcc8_std,dmfcc9_mean,dmfcc9_std,dmfcc10_mean,dmfcc10_std,dmfcc11_mean,dmfcc11_std,dmfcc12_mean,dmfcc12_std,dmfcc13_mean,dmfcc13_std,centroid_mean,centroid_std,bandwidth_mean,bandwidth_std,rolloff_mean,rolloff_std,zcr_mean,zcr_std,rms_mean,rms_std,chroma1_mean,chroma2_mean,chroma3_mean,chroma4_mean,chroma5_mean,chroma6_mean,chroma7_mean,chroma8_mean,chroma9_mean,chroma10_mean,chroma11_mean,chroma12_mean,tempo
0,classical_classical_artist1_00.wav,classical,classical_artist1,train,-398.5504150390625,57.001747131347656,71.3260498046875,48.60453796386719,-16.677900314331055,25.707380294799805,-28.158540725708008,15.777961730957031,-18.398361206054688,11.031427383422852,-19.183067321777344,10.658276557922363,-19.05805206298828,20.394329071044922,-13.980040550231934,20.82258415222168,-13.1880521774292,16.37861442565918,-19.018091201782227,19.377334594726562,-15.146026611328125,25.36553192138672,-0.7614126205444336,17.07490348815918,13.978163719177246,21.455032348632812,0.5339480638504028,12.242815971374512,-0.5468307137489319,10.542376518249512,-0.687044620513916,4.473005771636963,0.0955139771103859,3.367431163787842,-0.20366273820400238,2.3481452465057373,-0.019889339804649353,1.71077299118042,0.5438957214355469,3.12589430809021,0.6933012008666992,3.4487576484680176,0.532374382019043,2.7683846950531006,0.050005871802568436,2.8706910610198975,-0.22339721024036407,3.650233030319214,-0.0342506542801857,2.5839943885803223,0.2487936168909073,2.6699938774108887,842.016430569516,300.8838978500081,479.4093827466471,185.926075165607,1204.2029747596155,431.34567332259803,0.052955979567307694,0.017712733254006702,0.23974689841270447,0.06587489694356918,0.5177566409111023,0.08915233612060547,0.0033482834696769714,0.003677286207675934,0.05868857726454735,0.24269147217273712,0.05449754372239113,0.007492711301892996,0.028801683336496353,0.11814360320568085,0.06721439212560654,0.27606749534606934,83.35433467741936
1,classical_classical_artist1_01.wav,classical,classical_artist1,train,-399.7400207519531,59.77790451049805,67.37808990478516,50.32431411743164,-21.31184959411621,27.855920791625977,-25.742176055908203,16.99628257751465,-18.777219772338867,10.142097473144531,-27.21823501586914,11.261567115783691,-21.904266357421875,12.70779037475586,-13.759600639343262,15.63180923461914,-4.515613555908203,23.962556838989258,10.308751106262207,25.401630401611328,15.496773719787598,28.26658058166504,8.88858413696289,32.215885162353516,0.5517444610595703,29.661338806152344,0.8579646348953247,13.228873252868652,0.3336903750896454,10.766060829162598,0.5577431917190552,4.301840305328369,0.33831366896629333,3.7582812309265137,0.046494241803884506,2.164275646209717,0.24654485285282135,1.8992213010787964,0.25260651111602783,1.9775149822235107,0.05220334604382515,2.382007360458374,0.05582684651017189,3.6770572662353516,0.024975530803203583,3.5927512645721436,-0.267717182636261,3.65750789642334,-0.5498523712158203,4.656834125518799,-0.6622955203056335,4.757100582122803,891.8143370142675,226.1308986130777,511.98888873100424,213.7189013428857,1282.4678861177886,340.1728026017904,0.056509164663461536,0.014560003044724155,0.24004261195659637,0.06614139676094055,0.12420757114887238,0.048590097576379776,0.12141948193311691,0.10574260354042053,0.39877158403396606,0.24217729270458221,0.06193442642688751,0.12729403376579285,0.042832955718040466,0.12481752783060074,0.02127721719443798,0.031302858144044876,161.4990234375
2,classical_classical_artist1_02.wav,classical,classical_artist1,test,-398.7906799316406,57.944679260253906,71.5505599975586,50.08011245727539,-13.380142211914062,38.169464111328125,-23.217920303344727,19.462432861328125,-18.94440269470215,10.767939567565918,-24.248647689819336,13.17801284790039,-18.875452041625977,14.678102493286133,-11.913331985473633,15.955909729003906,-4.885919570922852,20.203659057617188,4.331475734710693,29.896879196166992,6.192867279052734,29.690988540649414,-0.5652047991752625,22.668853759765625,-9.775317192077637,26.64022445678711,0.43840867280960083,12.08065128326416,-0.68145352602005,10.549040794372559,-0.33165615797042847,5.743395805358887,0.06480693817138672,3.660754919052124,-0.0686580166220665,2.2828385829925537,0.33263441920280457,2.3108861446380615,0.59184730052948,2.2571871280670166,0.520878791809082,2.2431647777557373,0.22714336216449738,3.1242012977600098,-0.5179323554039001,4.668522834777832,-0.8523499369621277,4.319706439971924,-0.4492872953414917,2.7918906211853027,0.13845250010490417,3.7424516677856445,834.7314485761623,323.205415887709,480.83333061568175,224.99792706113453,1199.9791541466345,474.5356073448942,0.05205829326923077,0.017674306240354393,0.23992665112018585,0.06542153656482697,0.2943129241466522,0.07533570379018784,0.00817091390490532,0.05837008357048035,0.2583406865596771,0.17322641611099243,0.06911896169185638,0.2462211549282074,0.07061038166284561,0.12457307428121567,0.032370977103710175,0.07958405464887619,172.265625
3,classical_classical_artist1_03.wav,classical,classical_artist1,train,-402.292724609375,57.94304656982422,68.76002502441406,56.324893951416016,-9.780871391296387,40.57426834106445,-19.044857025146484,16.894685745239258,-19.675731658935547,8.803464889526367,-13.10448169708252,11.354140281677246,-4.152434825897217,24.30314064025879,-3.480588912963867,25.64105224609375,-8.439083099365234,18.625905990600586,-20.28658676147461,19.838197708129883,-18.72122573852539,26.974172592163086,-3.1575138568878174,15.414438247680664,10.400981903076172,24.945003509521484,-0.0316476970911026,11.652175903320312,-0.04018225893378258,10.996489524841309,0.604341447353363,6.158473968505859,0.34716713428497314,3.600799322128296,0.20424030721187592,1.6582789421081543,-0.11243855208158493,1.7274894714355469,-0.43130484223365784,3.013296127319336,-0.45858824253082275,3.32070255279541,-0.3033287227153778,2.585679054260254,0.16967742145061493,2.7225513458251953,0.3364804685115814,3.3660757541656494,0.09466074407100677,2.3427822589874268,-0.11321733891963959,2.6216771602630615,920.411046942745,432.5983831670144,531.8664031310927,257.43809478882264,1310.9579702524038,618.48523853108,0.05863131009615385,0.027126690910547483,0.2397885024547577,0.06409350037574768,0.656787633895874,0.14805066585540771,0.008173294365406036,0.0345146581530571,0.16426831483840942,0.2674314081668854,0.05871429666876793,0.007851382717490196,0.0018657621694728732,0.001247119391337037,0.005552812945097685,0.1258433759212494,86.1328125
4,classical_classical_artist1_04.wav,classical,classical_artist1,test,-399.05108642578125,54.030460357666016,82.59689331054688,56.262969970703125,7.397729873657227,40.891204833984375,-14.729532241821289,16.814340591430664,-17.637916564941406,8.817545890808105,-12.379057884216309,7.977362155914307,-7.405900001525879,19.55607795715332,-8.569398880004883,22.645666122436523,-12.985430717468262,19.834102630615234,-22.233972549438477,7.236928939819336,-21.946138381958008,18.73459243774414,-9.987298965454102,19.676176071166992,2.5360567569732666,24.973445892333984,-0.17169177532196045,11.37498664855957,-0.4087233245372772,11.619056701660156,0.2222653031349182,7.675039291381836,0.49314844608306885,2.9263570308685303,0.21691741049289703,1.6927372217178345,0.19702209532260895,1.261992335319519,0.2705037295818329,2.804708480834961,0.15453186631202698,3.5202279090881348,0.057367853820323944,3.141416311264038,0.10365574806928635,1.0822361707687378,0.08628381788730621,2.557783842086792,-0.0408623181283474,2.7650349140167236,-0.18606549501419067,4.3292388916015625,737.5542733152163,397.49348585117184,442.43522815849246,236.21851545648775,1055.2925931490386,576.7089694602342,0.046987680288461536,0.02458895727260826,0.23929326236248016,0.06608441472053528,0.360437273979187,0.15290483832359314,0.2454032152891159,0.10127777606248856,0.15426446497440338,0.14988110959529877,0.036622725427150726,0.007213580887764692,0.0028897630982100964,0.006006037350744009,0.05556897446513176,0.3237738609313965,86.1328125
5,classical_classical_artist1_05.wav,classical,classical_artist1,test,-400.1299743652344,60.83502960205078,65.81817626953125,51.45754623413086,-19.937665939331055,30.959959030151367,-24.734634399414062,15.988875389099121,-19.53057098388672,9.261907577514648,-20.06992530822754,14.26023006439209,-13.593734741210938,23.48067283630371,-9.529243469238281,22.578418731689453,-8.62079906463623,16.6984806060791,-7.124598979949951,27.330810546875,0.1102445125579834,35.691402435302734,8.525479316711426,22.55674934387207,11.188519477844238,26.077444076538086,0.03758533298969269,12.404596328735352,-0.2968907952308655,11.065254211425781,0.42925897240638733,5.226122856140137,0.29354235529899597,3.7083053588867188,0.18141616880893707,1.900766134262085,-0.12802617251873016,2.3353049755096436,-0.4213223457336426,3.489097833633423,-0.42979109287261963,3.346332311630249,-0.15711767971515656,2.6924221515655518,0.47702470421791077,3.2872326374053955,0.618421196937561,4.482240200042725,0.16522882878780365,3.5754501819610596,-0.3381189703941345,3.257833480834961,939.4939082682422,351.20429270638084,539.0207280018983,248.45600622504014,1352.3679762620193,515.9671394503339,0.05930739182692308,0.02102726766032874,0.24018025398254395,0.06251812726259232,0.3515094220638275,0.08215756714344025,0.11962655931711197,0.0586739219725132,0.2061804085969925,0.4571952819824219,0.08836367726325989,0.005400083493441343,0.0010619929526001215,0.001214832765981555,0.0016380654415115714,0.06383020430803299,172.265625
6,classical_classical_artist1_06.wav,classical,classical_artist1,test,-397.7654724121094,51.20196533203125,97.40068817138672,49.210933685302734,22.524478912353516,25.46684455871582,-16.586624145507812,11.58709716796875,-17.25432777404785,7.832541465759277,-11.900233268737793,7.632222652435303,-16.586772918701172,6.247610569000244,-24.611141204833984,5.299993991851807,-23.898929595947266,5.060136318206787,-15.650198936462402,12.621294975280762,-11.834856986999512,21.224456787109375,-13.724225044250488,20.905473709106445,-15.255341529846191,12.534008026123047,0.7475907802581787,11.797595024108887,0.5035423040390015,10.948144912719727,0.8441036343574524,3.9925332069396973,0.521417498588562,1.8365137577056885,0.12223925441503525,1.6484040021896362,0.2526925802230835,0.8080170154571533,0.26272305846214294,0.7875301837921143,0.13445179164409637,0.811749279499054,0.0004559736989904195,0.7505019307136536,-0.2615637481212616,1.325662612915039,-0.44760385155677795,2.1410562992095947,-0.39458316564559937,2.118055820465088,-0.20806163549423218,1.307515025138855,540.8842420625746,153.86468056588427,338.6802485460472,180.7712225150656,770.2261117788462,218.06086095932943,0.034157151442307694,0.009344876440263723,0.23962123692035675,0.06637731194496155,0.03985946998000145,0.05231613293290138,0.1323176473379135,0.10298153758049011,0.361747682094574,0.5559433102607727,0.18222181499004364,0.13457542657852173,0.0383462980389595,0.00545075349509716,0.004323549568653107,0.016850948333740234,0.0
7,classical_classical_artist1_07.wav,classical,classical_artist1,train,-397.7119140625,58.4359245300293,75.69570922851562,52.25237274169922,-9.073906898498535,28.190793991088867,-25.18724250793457,14.64873218536377,-18.566530227661133,9.345052719116211,-16.869600296020508,9.434313774108887,-16.371301651000977,19.483078002929688,-13.326687812805176,21.490081787109375,-11.807583808898926,23.203277587890625,-19.88408851623535,19.373844146728516,-22.856870651245117,10.167266845703125,-12.413126945495605,17.441638946533203,4.975407123565674,24.732757568359375,0.07524561136960983,11.561670303344727,-0.6126093864440918,11.25490951538086,0.04898766800761223,5.013821125030518,0.3231211006641388,3.1675872802734375,0.1650547981262207,2.053727149963379,0.1781996637582779,1.4797261953353882,0.15540990233421326,2.739367723464966,0.08831083029508591,3.4457411766052246,0.10892987996339798,3.4668824672698975,0.10488290339708328,2.787024974822998,-0.04892950877547264,1.6391068696975708,-0.20267456769943237,2.3753983974456787,-0.2919923663139343,3.7549657821655273,812.2011312854648,322.3534856409421,475.7362531534287,244.72714063009207,1167.6793494591345,473.48027031623604,0.051344651442307696,0.019902244001566847,0.23999731242656708,0.06484556943178177,0.40312328934669495,0.0644940435886383,0.004280675668269396,0.037779878824949265,0.15084148943424225,0.15053026378154755,0.035943690687417984,0.007318147458136082,0.04107179492712021,0.1867503821849823,0.09002820402383804,0.30679091811180115,83.35433467741936
8,classical_classical_artist1_08.wav,classical,classical_artist1,train,-402.1610412597656,55.92951202392578,62.9842529296875,55.43287658691406,-18.004878997802734,42.71309280395508,-21.029401779174805,17.434783935546875,-23.832063674926758,10.821795463562012,-17.306856155395508,12.46753215789795,-1.0567246675491333,20.174230575561523,5.0127997398376465,24.272201538085938,7.24941873550415,26.87920379638672,-8.088581085205078,26.616125106811523,-23.93575668334961,22.593435287475586,-20.170015335083008,13.251580238342285,-5.451037406921387,26.62281036376953,0.09374935179948807,11.490726470947266,0.422279417514801,10.36303997039795,0.8015183210372925,6.120164394378662,0.3937743902206421,3.6409237384796143,0.3818257749080658,2.240016222000122,0.23068241775035858,2.15572190284729,-0.27594104409217834,2.983431577682495,-0.4995989203453064,3.520817518234253,-0.4323272705078125,3.909327745437622,-0.03387487679719925,2.876091241836548,0.2154562920331955,2.650254964828491,0.056701891124248505,1.9456486701965332,-0.2517923414707184,1.8657417297363281,987.6543624109703,405.8735610539424,560.0407909652257,221.627115547096,1411.6671048677886,586.8350738227501,0.06313100961538462,0.025714996939294948,0.24031533300876617,0.06466661393642426,0.18124061822891235,0.08931124955415726,0.2342284619808197,0.07374542951583862,0.00617943936958909,0.003534348914399743,0.04274802654981613,0.18056093156337738,0.05927129089832306,0.1291201263666153,0.08832302689552307,0.3746832311153412,172.265625
9,classical_classical_artist1_09.wav,classical,classical_artist1,test,-397.4078369140625,52.96425247192383,83.55741882324219,55.02212905883789,1.9833165407180786,33.48368453979492,-20.990501403808594,15.692662239074707,-16.698144912719727,9.725757598876953,-14.628759384155273,10.387084007263184,-16.538480758666992,17.549949645996094,-17.749887466430664,18.194114685058594,-16.871612548828125,12.115422248840332,-16.51072120666504,14.279914855957031,-12.138056755065918,26.350866317749023,-3.7658438682556152,26.415590286254883,1.5563843250274658,26.22539710998535,0.5831301212310791,12.065303802490234,0.45352813601493835,11.753015518188477,0.13473425805568695,5.258683204650879,0.15699885785579681,3.01802659034729,0.06872978061437607,1.953424096107483,0.07266006618738174,1.7430509328842163,0.1534724235534668,2.9154484272003174,0.11447983980178833,2.7596700191497803,0.009836736135184765,1.8225369453430176,0.018662482500076294,2.0929932594299316,0.07284855842590332,4.002293586730957,0.026755083352327347,3.813462734222412,-0.023885779082775116,3.1887547969818115,718.9922124628289,318.3472482571475,420.4872289706795,171.8435563212313,1030.1153094951924,464.3681663693554,0.045875901442307694,0.02038122539264227,0.23974651098251343,0.0663350448012352,0.2441621571779251,0.0928160548210144,0.12988664209842682,0.05186932533979416,0.1637427806854248,0.18953630328178406,0.10454064607620239,0.24720415472984314,0.09608321636915207,0.1285075694322586,0.03799762949347496,0.05222781375050545,161.4990234375
10,classical_classical_artist2_00.wav,classical,classical_artist2,test,-400.7646789550781,60.59480667114258,71.67717742919922,51.658897399902344,-14.668548583984375,29.967029571533203,-28.264249801635742,18.96944808959961,-20.964048385620117,10.859652519226074,-22.669918060302734,15.06876277923584,-20.91330909729004,19.201448440551758,-15.364762306213379,16.43765640258789,-10.38736629486084,21.535934448242188,-3.970451831817627,29.19251251220703,4.274864196777344,20.0626163482666,8.324066162109375,28.39820098876953,5.1444478034973145,37.836578369140625,0.8495233654975891,13.305615425109863,-0.3228307366371155,11.400931358337402,-0.40441083908081055,5.53428316116333,-0.0021078549325466156,4.19527530670166,-0.07635631412267685,2.512066602706909,-0.11899717897176743,2.5225515365600586,0.0997878909111023,3.100095272064209,0.33398595452308655,2.9915668964385986,0.5446175336837769,3.7902719974517822,0.5600802302360535,4.594913005828857,0.15652650594711304,3.383687734603882,-0.38734278082847595,3.98210072517395,-0.6587026119232178,5.094689846038818,840.7939641318778,311.48973530335996,447.84940555989107,233.49236358484094,1305.7403094951924,495.83051223209037,0.05763596754807692,0.019860635602684754,0.24499857425689697,0.06142087280750275,0.02398224174976349,0.08740931749343872,0.4280722439289093,0.07546423375606537,0.005989599972963333,0.06091712415218353,0.26656460762023926,0.3199004530906677,0.04886842146515846,0.0038954715710133314,0.02526644989848137,0.10659241676330566,184.5703125
11,classical_classical_artist2_01.wav,classical,classical_artist2,test,-406.8114318847656,58.91450881958008,53.9322624206543,47.82362365722656,-32.372623443603516,36.145912170410156,-29.17774772644043,23.40351676940918,-24.373201370239258,11.888572692871094,-19.765962600708008,18.202733993530273,-2.3150408267974854,23.385114669799805,7.256294250488281,18.07893180847168,10.342849731445312,25.101825714111328,4.527379989624023,36.830753326416016,-5.067698001861572,26.599075317382812,-8.514030456542969,25.483407974243164,-9.113163948059082,31.32152557373047,0.24103939533233643,12.584922790527344,-0.7630906105041504,9.905906677246094,-1.135437250137329,5.4396867752075195,-0.26944270730018616,5.128385066986084,0.08713235706090927,2.617708921432495,0.3642745316028595,3.0156285762786865,0.3736092746257782,3.8467841148376465,0.2134207934141159,2.6965792179107666,0.01753859966993332,2.926928758621216,-0.29782721400260925,5.241990089416504,-0.08732768148183823,3.644972324371338,0.517796516418457,3.3937270641326904,0.49550530314445496,4.903767108917236,1044.4375448368132,321.89032150026634,524.2060489769144,154.89018269986403,1617.9717548076924,510.89505926825757,0.07208533653846154,0.022031183608895305,0.2452561855316162,0.060911983251571655,0.06057416647672653,0.25829774141311646,0.19461266696453094,0.041432857513427734,0.0026264707557857037,0.02199443429708481,0.1482110470533371,0.23041453957557678,0.07452501356601715,0.21276363730430603,0.05720635503530502,0.10552326589822769,184.5703125
12,classical_classical_artist2_02.wav,classical,classical_artist2,train,-405.5184020996094,63.35709762573242,60.337608337402344,52.50141525268555,-24.01364517211914,36.791831970214844,-25.589452743530273,21.331087112426758,-21.628389358520508,10.509247779846191,-18.190767288208008,18.07448959350586,-5.410686016082764,24.366527557373047,1.0891823768615723,19.973081588745117,1.8038204908370972,25.371944427490234,-0.4622524082660675,36.29933166503906,-0.7778488397598267,25.9432430267334,-1.1843229532241821,24.523046493530273,-8.058186531066895,33.396156311035156,-0.016444573178887367,13.02684497833252,-0.6994227766990662,11.535770416259766,0.17467330396175385,6.657000541687012,0.3738855719566345,4.693723201751709,0.18154950439929962,2.32004976272583,0.16591335833072662,2.9184741973876953,0.08842594921588898,4.194259166717529,0.02976997010409832,3.8369102478027344,-0.06561370193958282,4.08945894241333,-0.1506686806678772,5.153257369995117,-0.08344700187444687,3.0630905628204346,0.019066033884882927,4.176519870758057,0.07606984674930573,5.210850238800049,1001.9333130286635,371.21990823458395,524.6200858369446,246.3101792184149,1557.0162259615386,588.3173636923227,0.06888897235576923,0.024435615082263985,0.24509312212467194,0.05909239128232002,0.043965619057416916,0.17193400859832764,0.33158284425735474,0.06685984879732132,0.0066055189818143845,0.03207337111234665,0.18005359172821045,0.4174661934375763,0.06680509448051453,0.003190814284607768,0.020841099321842194,0.10985711961984634,95.703125
13,classical_classical_artist2_03.wav,classical,classical_artist2,train,-400.91107177734375,58.7384033203125,80.72554779052734,53.128204345703125,-5.086717128753662,27.23923683166504,-27.531946182250977,16.471782684326172,-21.31258773803711,10.241219520568848,-21.900184631347656,9.424009323120117,-22.25496482849121,16.111244201660156,-17.879087448120117,20.537670135498047,-13.061216354370117,20.785266876220703,-11.134688377380371,21.02738380432129,-8.285770416259766,26.560550689697266,-1.2386394739151,26.849000930786133,6.251007080078125,29.269773483276367,-0.1549341082572937,12.277042388916016,-0.39070120453834534,11.85793399810791,0.31228920817375183,4.6548285484313965,0.3957996666431427,3.7035162448883057,0.14206577837467194,2.298854112625122,0.15039877593517303,1.6148260831832886,0.11982467025518417,2.6273529529571533,-0.027642764151096344,3.2453103065490723,-0.25397196412086487,3.0417466163635254,-0.27174320816993713,2.355372667312622,0.06647240370512009,3.3738341331481934,0.4348345100879669,4.421853542327881,0.480219304561615,5.072107315063477,740.0315276916164,241.5865044395078,397.7931533880449,175.43314815386648,1137.8641451322114,368.548020560384,0.051092998798076925,0.01602803378704362,0.24485769867897034,0.06013670936226845,0.06099342182278633,0.04787946492433548,0.21425242722034454,0.057047389447689056,0.07342342287302017,0.04862954840064049,0.1837189942598343,0.3404531478881836,0.0703485757112503,0.006826631724834442,0.06817304342985153,0.3134233355522156,95.703125
14,classical_classical_artist2_04.wav,classical,classical_artist2,train,-404.83660888671875,51.862083435058594,72.5789566040039,56.05679702758789,-5.647602558135986,46.573692321777344,-21.62042808532715,22.04524040222168,-21.301389694213867,11.05678939819336,-16.10962677001953,14.6810302734375,-7.298009872436523,23.15250015258789,-4.648016929626465,24.973873138427734,-5.040489673614502,22.62771224975586,-9.598199844360352,26.382444381713867,-12.327079772949219,29.598535537719727,-9.835994720458984,20.934335708618164,-9.471685409545898,20.748363494873047,-0.38248851895332336,11.9816312789917,0.37545278668403625,11.090154647827148,1.1172889471054077,5.968767166137695,0.6058374643325806,4.305532455444336,0.31465739011764526,2.219630002975464,0.1523352563381195,2.6505050659179688,-0.20097017288208008,2.3854682445526123,-0.42789551615715027,1.8634010553359985,-0.4219394326210022,3.060352087020874,-0.0628298968076706,4.636541843414307,0.22779878973960876,4.129034519195557,0.08233428001403809,2.934236764907837,-0.24287399649620056,2.055997133255005,829.8810393047561,391.5954656346898,432.19709250065927,169.32871061938934,1283.5445462740386,613.1497018177656,0.058218149038461536,0.027383463663067653,0.24444644153118134,0.05892738699913025,0.03804253786802292,0.08310443162918091,0.3031098544597626,0.08349208533763885,0.00941807497292757,0.044975508004426956,0.2598216235637665,0.24345216155052185,0.08201263099908829,0.11297972500324249,0.06273391097784042,0.20470261573791504,99.38401442307692
15,classical_classical_artist2_05.wav,classical,classical_artist2,test,-402.7799377441406,62.01466751098633,64.2835922241211,50.90485382080078,-22.726707458496094,30.883750915527344,-30.21758460998535,20.346527099609375,-23.159934997558594,12.235249519348145,-19.84358024597168,13.946770668029785,-11.168318748474121,24.955760955810547,-5.4534125328063965,26.687910079956055,-6.60487699508667,24.97303581237793,-12.754833221435547,19.27647590637207,-8.551054000854492,27.64346694946289,8.609384536743164,32.588096618652344,22.279613494873047,24.60302734375,-0.02410612814128399,12.760017395019531,-0.9718366861343384,10.920562744140625,-0.22809283435344696,5.002377510070801,0.360995352268219,4.714788913726807,0.13291755318641663,2.8004536628723145,0.09358037263154984,2.681931734085083,0.3279678523540497,4.7612223625183105,0.43471118807792664,4.6519246101379395,0.4650106430053711,3.709200859069824,0.3869670033454895,2.546064853668213,0.07312408089637756,5.191036224365234,-0.20337843894958496,5.6470513343811035,-0.2494209259748459,4.382874011993408,936.2990837174472,336.42690791092684,487.0027893859704,230.6303509504,1450.0127704326924,533.207664096075,0.06437424879807692,0.02217304819970367,0.24499927461147308,0.0595930740237236,0.0756339579820633,0.17009510099887848,0.3401448428630829,0.11004270613193512,0.21093995869159698,0.047463227063417435,0.003350211074575782,0.0012322197435423732,0.01616872288286686,0.07876081764698029,0.07194583863019943,0.307330459356308,198.76802884615384
16,classical_classical_artist2_06.wav,classical,classical_artist2,test,-402.2243347167969,57.90432357788086,68.62027740478516,52.87122344970703,-17.978124618530273,31.92376136779785,-28.70949935913086,17.699600219726562,-22.03936004638672,10.999456405639648,-18.44703483581543,12.968010902404785,-12.097046852111816,24.683900833129883,-6.825930595397949,26.970796585083008,-6.308985233306885,25.04176902770996,-13.347573280334473,17.235692977905273,-13.136960983276367,23.31951904296875,0.5378437042236328,34.74374771118164,13.411002159118652,30.634504318237305,0.1991758495569229,12.135424613952637,0.2260771542787552,11.058128356933594,0.37599822878837585,4.93211555480957,0.3732997179031372,4.270229816436768,-0.009603067301213741,2.430107593536377,-0.20391058921813965,2.0489144325256348,-0.1002592220902443,3.290173053741455,0.11089489609003067,3.8826611042022705,0.3834061324596405,4.004405975341797,0.28324633836746216,2.8730249404907227,-0.30163484811782837,2.766620635986328,-0.5429636836051941,4.099184513092041,-0.1587390899658203,3.5820112228393555,887.8350679311259,334.05388581398927,456.55340000790403,164.5612227456378,1377.2967998798076,523.8209611067962,0.061583533653846154,0.022244826710687497,0.24490714073181152,0.06029855087399483,0.030086293816566467,0.08463101834058762,0.4166698157787323,0.07424647361040115,0.004958680365234613,0.02863607555627823,0.10411593317985535,0.029345236718654633,0.07422810047864914,0.319071888923645,0.09529267996549606,0.17237025499343872,95.703125
17,classical_classical_artist2_07.wav,classical,classical_artist2,test,-402.2645263671875,57.02619171142578,73.89749145507812,53.69049835205078,-10.17381763458252,36.74296188354492,-25.36402130126953,19.879108428955078,-20.900545120239258,10.523053169250488,-18.866260528564453,13.169322967529297,-14.312952995300293,23.140670776367188,-11.726058959960938,23.16659164428711,-12.145669937133789,20.852191925048828,-11.793418884277344,17.87672233581543,-3.053187131881714,26.458370208740234,10.198535919189453,35.426353454589844,15.150769233703613,30.701509475708008,-0.011283522471785545,11.924546241760254,-0.7198135256767273,10.988127708435059,-0.7699575424194336,5.631091117858887,-0.10186237841844559,4.095426559448242,-0.03466588631272316,2.2725915908813477,-0.00029662204906344414,2.4549031257629395,0.28254055976867676,3.824638843536377,0.37867221236228943,3.537775754928589,0.4665577709674835,3.2035021781921387,0.46771466732025146,3.0571107864379883,0.12406983226537704,3.50236177444458,-0.1823224574327469,3.2926580905914307,-0.05168627202510834,3.0932836532592773,827.2293248294742,344.6423401856839,435.03812662767376,174.3353671998517,1282.30224609375,541.2866670818303,0.05718149038461538,0.023471845933807536,0.24493753910064697,0.060259781777858734,0.02363855391740799,0.12258771061897278,0.5311541557312012,0.13428622484207153,0.11692378669977188,0.07529669255018234,0.2089347392320633,0.052188046276569366,0.015129327774047852,0.06418485939502716,0.030456919223070145,0.11021344363689423,95.703125
18,classical_classical_artist2_08.wav,classical,classical_artist2,train,-401.0311584472656,61.81963348388672,70.68647766113281,50.224037170410156,-19.951555252075195,19.121305465698242,-31.810359954833984,17.447032928466797,-22.034021377563477,10.836146354675293,-28.659814834594727,9.050553321838379,-26.683393478393555,11.758742332458496,-14.376312255859375,18.80466651916504,-1.6846219301223755,26.28275489807129,7.685748100280762,27.70578384399414,9.2415771484375,21.911649703979492,5.905630111694336,30.727344512939453,4.822646141052246,39.615562438964844,0.04892325773835182,12.670865058898926,-0.5689070820808411,11.487133979797363,0.28764647245407104,3.2504897117614746,0.4481976628303528,4.231077194213867,0.25659167766571045,2.510355234146118,0.29832693934440613,1.7493544816970825,0.17584389448165894,1.9239671230316162,-0.030007237568497658,2.754404067993164,-0.2671315670013428,3.835857629776001,-0.5026714205741882,4.420735836029053,-0.43448352813720703,3.366746664047241,-0.04187636822462082,3.1204662322998047,0.38843250274658203,4.580900192260742,845.1266041870432,186.6503439010045,446.1132076453496,217.22719404540987,1312.9456505408655,314.05760252574686,0.05825946514423077,0.012065744044443683,0.24553295969963074,0.05969875305891037,0.04314931109547615,0.16969382762908936,0.33253854513168335,0.059073325246572495,0.002971494570374489,0.020125234499573708,0.1433888077735901,0.23312877118587494,0.08223418891429901,0.20845343172550201,0.059634339064359665,0.0792442038655281,95.703125
19,classical_classical_artist2_09.wav,classical,classical_artist2,train,-408.1291198730469,58.715084075927734,54.055335998535156,53.86417770385742,-24.50663948059082,44.74494171142578,-22.72216796875,22.074983596801758,-21.024656295776367,9.636054039001465,-6.507205963134766,14.149833679199219,10.488151550292969,26.792743682861328,6.52781343460083,24.49870491027832,-8.943814277648926,15.3377685546875,-26.175739288330078,18.768476486206055,-19.747928619384766,23.797624588012695,5.766184329986572,24.937498092651367,15.87851333618164,24.77147674560547,-0.02999572828412056,12.767193794250488,-0.8668573498725891,10.086474418640137,-0.7668803334236145,6.674510478973389,0.10183687508106232,5.015540599822998,0.08735772967338562,1.990107536315918,0.1526031345129013,1.8209673166275024,0.3066920340061188,3.2222795486450195,0.2666172981262207,3.185232639312744,0.08288845419883728,2.114940881729126,-0.04476245120167732,2.6107778549194336,0.15121260285377502,3.828397750854492,0.3755582869052887,3.915010452270508,0.25377899408340454,3.0507445335388184,1065.9935411558615,434.8385631060853,537.6747582972688,205.37348350139615,1654.4125600961538,680.6417661798691,0.07374173677884616,0.03025958952287583,0.2451310157775879,0.0589556023478508,0.08726494759321213,0.4573642909526825,0.25305697321891785,0.09674029797315598,0.20567992329597473,0.04730244353413582,0.002483815187588334,0.0016227944288402796,0.024881448596715927,0.10213027894496918,0.04251182824373245,0.11092045903205872,198.76802884615384
20,classical_classical_artist3_00.wav,classical,classical_artist3,test,-391.8271484375,66.60122680664062,93.4603500366211,58.79627227783203,-4.136404037475586,41.82294845581055,-22.66290283203125,21.26404571533203,-16.342439651489258,9.453323364257812,-23.012218475341797,11.38694953918457,-22.414840698242188,13.848517417907715,-14.722400665283203,14.029013633728027,-10.311107635498047,21.177257537841797,-10.385234832763672,26.053037643432617,-9.568514823913574,21.792129516601562,-4.645771026611328,23.504207611083984,2.4386723041534424,26.617429733276367,0.9438921809196472,15.946850776672363,0.07221474498510361,13.21042537689209,0.2287171632051468,6.807157516479492,0.36160168051719666,4.22970724105835,0.05208312347531319,1.6218547821044922,-0.06263445317745209,1.924752950668335,0.11787319928407669,2.675229787826538,0.22678226232528687,2.098867893218994,0.08262631297111511,2.689209461212158,-0.04725179448723793,3.4328815937042236,-0.0031192193273454905,3.80698561668396,0.04473254084587097,4.12070894241333,-0.016895968466997147,4.528380870819092,767.1576805349788,287.44064724832265,476.51782034972655,221.88727013079412,1046.0167518028845,397.0424545530013,0.04528245192307692,0.017117139286182297,0.23657429218292236,0.054705362766981125,0.13420583307743073,0.13494651019573212,0.12295091897249222,0.02232036180794239,0.00732427928596735,0.047610893845558167,0.20479556918144226,0.04829975962638855,0.06395979225635529,0.20875310897827148,0.17684109508991241,0.4280691146850586,103.359375
21,classical_classical_artist3_01.wav,classical,classical_artist3,test,-389.7580871582031,62.0231819152832,110.8164291381836,55.4805793762207,16.152780532836914,39.21935272216797,-21.239578247070312,18.961776733398438,-18.301279067993164,8.596928596496582,-15.807526588439941,11.616260528564453,-18.28075408935547,11.311375617980957,-21.080841064453125,9.38359260559082,-19.435073852539062,11.731042861938477,-12.519608497619629,14.358649253845215,-8.185864448547363,21.507780075073242,-8.495243072509766,25.359851837158203,-9.907283782958984,23.540740966796875,1.1296507120132446,14.537866592407227,-0.49120569229125977,12.613609313964844,-1.2299596071243286,6.30302619934082,-0.2804050147533417,3.346728563308716,-0.058949824422597885,1.5817006826400757,-0.25277605652809143,1.5690070390701294,-0.041192494332790375,1.8608299493789673,0.2738775908946991,1.9095951318740845,0.5824794769287109,2.2000153064727783,0.5333752036094666,2.586041212081909,0.12226738780736923,2.764110803604126,-0.10151398181915283,2.762664318084717,-0.13839824497699738,2.7087221145629883,614.4453238107457,250.82578718749227,390.83439640634737,196.2171027006319,841.1200420673077,356.77303943118096,0.035569411057692304,0.012410631047240793,0.23639751970767975,0.05438154563307762,0.03640594333410263,0.16783027350902557,0.3296254277229309,0.14525151252746582,0.21434640884399414,0.10825812816619873,0.20679894089698792,0.08022324740886688,0.09799863398075104,0.20955461263656616,0.07881911844015121,0.013074987567961216,215.33203125
22,classical_classical_artist3_02.wav,classical,classical_artist3,test,-391.0691223144531,61.222232818603516,101.42848205566406,60.19608688354492,5.524580955505371,42.38824462890625,-20.33892822265625,17.75889778137207,-18.878446578979492,9.121521949768066,-21.237491607666016,12.994608879089355,-18.3177433013916,12.729887008666992,-17.023820877075195,12.029343605041504,-13.201583862304688,19.426668167114258,-3.607952356338501,26.218793869018555,-0.6316348910331726,25.05750846862793,-5.617435455322266,25.15587043762207,-12.95470905303955,25.040098190307617,0.3402901291847229,13.998917579650879,0.06157713755965233,13.397843360900879,0.1913425177335739,7.333527565002441,0.3077806234359741,3.2184619903564453,0.08308830112218857,1.573163628578186,-0.030655860900878906,2.425427198410034,0.02086721546947956,2.2047362327575684,0.12447219341993332,2.030308485031128,0.13926473259925842,3.164949655532837,-0.007311380933970213,4.760890483856201,-0.14618605375289917,4.798797130584717,-0.13900084793567657,4.277402400970459,-0.08838469535112381,4.047393321990967,712.6644962973205,291.530244905374,445.35397023039104,189.32713126717547,968.1659405048077,392.69805409647904,0.04217998798076923,0.017125369220095228,0.2364988774061203,0.05382521077990532,0.07139480859041214,0.11860736459493637,0.38594430685043335,0.13398046791553497,0.1118837520480156,0.041336894035339355,0.1043502688407898,0.06187215819954872,0.22062398493289948,0.1544923037290573,0.08934487402439117,0.1575624942779541,103.359375
23,classical_classical_artist3_03.wav,classical,classical_artist3,train,-390.4753112792969,64.51234436035156,111.66912841796875,56.96223449707031,25.79757308959961,39.799888610839844,-14.933050155639648,20.138713836669922,-19.202423095703125,8.858940124511719,-14.105521202087402,7.826735496520996,-13.136265754699707,10.981827735900879,-15.333537101745605,14.137572288513184,-13.79269790649414,19.884082794189453,-14.888941764831543,15.811506271362305,-19.65777587890625,5.65402889251709,-20.968931198120117,11.126993179321289,-17.4997615814209,11.290183067321777,1.0006561279296875,14.982063293457031,-0.30818507075309753,12.984105110168457,-0.15557138621807098,6.547036170959473,0.1566612869501114,3.238680601119995,0.05821571871638298,1.641337513923645,-0.03853178396821022,1.3559000492095947,0.023484449833631516,1.6792702674865723,0.11552039533853531,2.3997275829315186,0.08645087480545044,3.392279624938965,0.01829518750309944,2.401014804840088,0.01995180919766426,0.954230010509491,0.05810129642486572,1.5791057348251343,0.044922783970832825,1.661754846572876,587.4501437070574,284.419874788317,386.21610461597834,244.28695655632882,804.1823167067307,406.8290629215411,0.034183443509615385,0.015980992892712126,0.23549778759479523,0.054838139563798904,0.06730347126722336,0.15911293029785156,0.24185143411159515,0.12005972117185593,0.1368015706539154,0.07282287627458572,0.11078987270593643,0.04476749897003174,0.10574090480804443,0.4092964828014374,0.17380130290985107,0.12096331268548965,40.374755859375
24,classical_classical_artist3_04.wav,classical,classical_artist3,train,-392.25787353515625,64.29393768310547,91.192138671875,60.62082290649414,-7.739233493804932,44.39346694946289,-21.535423278808594,18.600290298461914,-20.129425048828125,9.5943021774292,-26.2391414642334,12.29552936553955,-18.173662185668945,13.252047538757324,-11.421518325805664,15.201767921447754,-4.990202903747559,25.522546768188477,1.6628316640853882,28.920578002929688,-0.9113569855690002,20.95903205871582,-7.012462615966797,28.905834197998047,-10.111351013183594,32.63644790649414,-0.28121528029441833,14.385016441345215,-0.21473076939582825,13.27244758605957,0.3542919158935547,6.882988929748535,0.23242197930812836,3.7251360416412354,0.10274617373943329,1.9311293363571167,0.2607429027557373,2.166738271713257,0.11495272815227509,2.19451642036438,0.01719001680612564,2.867706298828125,0.077932208776474,4.7378315925598145,-0.16247516870498657,5.404257297515869,-0.4365748167037964,2.8123459815979004,-0.42561963200569153,3.9119060039520264,-0.24354030191898346,4.811010360717773,818.7106943692287,328.0992854937925,497.05898850364355,190.9242555239111,1112.7696814903845,438.86357972115064,0.04861778846153846,0.0191179354544617,0.23616544902324677,0.05274287238717079,0.12024454772472382,0.21538734436035156,0.1429818719625473,0.044545553624629974,0.09645432978868484,0.018176665529608727,0.009167836047708988,0.08212938904762268,0.40723100304603577,0.14169465005397797,0.08948854357004166,0.19612959027290344,107.666015625
25,classical_classical_artist3_05.wav,classical,classical_artist3,test,-390.3666687011719,67.7269515991211,91.11861419677734,60.065895080566406,-7.463027000427246,43.51495361328125,-22.58428955078125,17.60415267944336,-20.868186950683594,9.452912330627441,-24.538219451904297,13.951199531555176,-17.436429977416992,12.580121994018555,-12.642754554748535,16.104116439819336,-3.6419572830200195,25.288476943969727,4.812069892883301,29.62099838256836,-1.1806532144546509,24.76097297668457,-10.2006254196167,26.39305877685547,-14.677912712097168,27.04962730407715,0.8232288360595703,15.32984733581543,0.10641037672758102,13.198594093322754,0.25187650322914124,7.071072101593018,0.07024945318698883,3.632916212081909,0.06894108653068542,1.648115873336792,0.1554078906774521,2.462406873703003,-0.057671546936035156,1.6517360210418701,-0.12488042563199997,2.236896514892578,-0.2707183361053467,3.539357900619507,-0.4656558632850647,4.570591449737549,-0.23495744168758392,3.927349805831909,0.16451334953308105,2.939746856689453,0.46481022238731384,2.3877997398376465,825.682449837841,347.2453809016087,509.3825137955682,255.6924365135442,1129.747783954327,481.11391044169955,0.048418719951923074,0.019369428401122192,0.236509308218956,0.05417422205209732,0.07160989195108414,0.046688731759786606,0.15231233835220337,0.06342829018831253,0.10169266909360886,0.08925008773803711,0.29513052105903625,0.10049553960561752,0.21622686088085175,0.14865893125534058,0.0915035828948021,0.19615612924098969,69.83741554054055
26,classical_classical_artist3_06.wav,classical,classical_artist3,train,-387.50927734375,63.42188262939453,110.25713348388672,56.882537841796875,11.341329574584961,28.74274444580078,-27.724536895751953,16.761552810668945,-17.854198455810547,8.480202674865723,-14.07514476776123,8.106559753417969,-22.020599365234375,11.943471908569336,-24.757890701293945,5.706287384033203,-23.414051055908203,5.299322128295898,-20.97506332397461,4.766624927520752,-15.959856033325195,10.97688102722168,-10.79551887512207,18.25189208984375,-5.183051109313965,25.50511360168457,0.7290326952934265,14.442645072937012,0.04230738431215286,13.192559242248535,0.3548865020275116,4.052303314208984,0.1993464231491089,3.14131236076355,-0.08638601750135422,1.6280934810638428,0.10702639073133469,1.1511038541793823,0.13708901405334473,1.4811583757400513,-0.01572754979133606,0.9077537059783936,0.056417010724544525,0.8227694034576416,0.08503326773643494,0.8978791236877441,-0.15541601181030273,1.8004956245422363,-0.32972678542137146,2.920898675918579,-0.3928106725215912,3.9689533710479736,622.8485117548087,169.79056854243944,398.92786897936423,217.28989215863285,851.2240835336538,272.9669700006847,0.03623422475961539,0.008665644924624013,0.23612283170223236,0.054099682718515396,0.06976588070392609,0.28241923451423645,0.3232150971889496,0.12477070838212967,0.11176472902297974,0.07531878352165222,0.15747559070587158,0.04804658889770508,0.06171489879488945,0.20959842205047607,0.07267589122056961,0.10465491563081741,103.359375
27,classical_classical_artist3_07.wav,classical,classical_artist3,train,-390.81378173828125,65.10237121582031,94.19991302490234,57.230316162109375,-8.14230728149414,32.884098052978516,-27.55266571044922,17.970510482788086,-14.980172157287598,7.9731245040893555,-23.001487731933594,11.187958717346191,-27.3345890045166,11.90530776977539,-21.800485610961914,6.777317523956299,-19.432369232177734,12.038115501403809,-12.533794403076172,20.236541748046875,0.22752779722213745,23.851879119873047,8.374823570251465,27.886192321777344,9.492319107055664,33.46247863769531,0.9165294766426086,15.707609176635742,0.4553253650665283,13.518831253051758,0.8134585022926331,5.851129055023193,0.485345721244812,3.6124491691589355,0.04402424395084381,1.5536112785339355,0.2242627590894699,1.891985297203064,0.29845142364501953,1.8126837015151978,0.13340941071510315,1.0141048431396484,0.05001657083630562,2.0481772422790527,-0.0720006674528122,3.4746813774108887,-0.2820401191711426,3.7389047145843506,-0.40820688009262085,3.6248152256011963,-0.46707260608673096,3.651738405227661,757.6541093401879,207.42961719934283,466.80659170189153,199.99519804611174,1031.109149639423,297.320613381724,0.044790414663461536,0.01191335260250604,0.23663626611232758,0.05472423508763313,0.07869361340999603,0.21492795646190643,0.5202891230583191,0.10827288031578064,0.01043486688286066,0.023592691868543625,0.10771364718675613,0.02280796878039837,0.05679729953408241,0.21486446261405945,0.08767341077327728,0.1370595246553421,103.359375
28,classical_classical_artist3_08.wav,classical,classical_artist3,test,-388.9766845703125,65.90182495117188,101.82666778564453,58.75725173950195,0.1146390438079834,35.337955474853516,-27.33210563659668,16.89141082763672,-19.16229820251465,9.662151336669922,-19.2332763671875,13.484939575195312,-21.472078323364258,11.15554428100586,-20.31500816345215,11.684135437011719,-14.428370475769043,19.301982879638672,-9.340985298156738,26.347362518310547,-10.370558738708496,19.728374481201172,-12.33694076538086,16.713947296142578,-11.506755828857422,23.356000900268555,-0.07916362583637238,14.513289451599121,-1.206731915473938,13.425209045410156,-0.6943283677101135,5.259746074676514,0.09235434979200363,3.793334722518921,0.23481909930706024,1.8758736848831177,0.03377918526530266,2.0969624519348145,-0.0879853293299675,2.0916545391082764,-0.001774919917806983,1.9028161764144897,0.0612315870821476,3.382631540298462,-0.008137045428156853,4.629094123840332,-0.058728937059640884,3.10501766204834,0.06120509281754494,2.875216007232666,0.29374435544013977,3.81516170501709,722.596156346247,269.93909682035314,449.662825535917,231.97760612656634,989.1194035456731,382.3359729652895,0.04217247596153846,0.015252486794840404,0.2366781085729599,0.0507558174431324,0.12478380650281906,0.2856784164905548,0.0766582041978836,0.03538592532277107,0.10014459490776062,0.09619402140378952,0.29122394323349,0.08574434369802475,0.12664785981178284,0.1124047264456749,0.06391608715057373,0.1779397428035736,215.33203125
29,classical_classical_artist3_09.wav,classical,classical_artist3,train,-391.03570556640625,64.17719268798828,93.09209442138672,59.16293716430664,-5.832001686096191,39.65888977050781,-23.798982620239258,19.064010620117188,-18.17339515686035,9.755056381225586,-23.76148223876953,12.460039138793945,-21.574520111083984,14.426082611083984,-15.764735221862793,14.017611503601074,-10.275932312011719,20.801834106445312,-4.614891052246094,24.75522232055664,-2.962958335876465,26.521120071411133,-2.913747549057007,28.28676414489746,-2.536713123321533,27.32763671875,0.8138511180877686,15.487284660339355,0.6353949308395386,13.937139511108398,0.19022445380687714,6.061680793762207,0.14392948150634766,3.574406385421753,0.10259567946195602,1.9498218297958374,0.1641567498445511,2.2257919311523438,0.1055440753698349,2.280639886856079,0.07315558940172195,2.127378225326538,0.05512460693717003,3.345930576324463,-0.1674623340368271,4.569929599761963,-0.38562852144241333,5.080679416656494,-0.34889790415763855,4.98583984375,-0.21052853763103485,4.5789642333984375,774.1098751288048,288.91658001685585,467.16388666170633,163.18861021960134,1054.5472130408655,390.9473116534434,0.045894681490384615,0.01698332361236316,0.2361636757850647,0.05465444177389145,0.103737473487854,0.13114222884178162,0.12027580291032791,0.07121878117322922,0.20683124661445618,0.06848611682653427,0.10974732041358948,0.023817870765924454,0.07351209968328476,0.3102337718009949,0.14615748822689056,0.23595170676708221,103.359375
30,electronic_electronic_artist1_00.wav,electronic,electronic_artist1,train,-94.13993072509766,23.391050338745117,31.345314025878906,19.002792358398438,7.7780327796936035,13.75088882446289,-0.041448213160037994,8.286971092224121,3.528632164001465,7.846935272216797,2.2488951683044434,9.627145767211914,-1.3180944919586182,8.713403701782227,-1.9370468854904175,7.4262213706970215,-1.6638022661209106,6.351107597351074,-1.7909936904907227,6.429710865020752,-2.5515854358673096,6.553706169128418,-2.9374940395355225,6.68941593170166,-3.4822945594787598,5.127582550048828,-0.06769950687885284,3.278286933898926,0.13260133564472198,4.450143814086914,0.0038827601820230484,2.9462153911590576,-0.002704319544136524,1.812298059463501,0.03443615883588791,1.7260595560073853,-0.019812950864434242,2.080275774002075,-0.03607998788356781,1.9037748575210571,0.029193466529250145,1.6158580780029297,0.022315559908747673,1.4066969156265259,-0.0680629163980484,1.3991737365722656,-0.03487773239612579,1.3839842081069946,-0.004599050153046846,1.4554429054260254,0.022564785555005074,1.095758080482483,3889.14265527025,724.9278310818736,3419.562417998616,90.24958618582987,8428.841083233174,679.2356994541665,0.1254657451923077,0.029756995126407282,0.1392156481742859,0.05601145699620247,0.14836028218269348,0.3231622576713562,0.12980566918849945,0.13926030695438385,0.3732997179031372,0.14140968024730682,0.06783611327409744,0.08388935029506683,0.25131937861442566,0.5562397837638855,0.20653530955314636,0.11019685119390488,123.046875
31,electronic_electronic_artist1_01.wav,electronic,electronic_artist1,test,-93.59878540039062,22.73349952697754,31.44453239440918,18.89695167541504,8.537537574768066,13.554703712463379,0.7537196278572083,7.875755310058594,4.804359436035156,7.107946395874023,2.3030319213867188,8.713488578796387,-1.968956708908081,9.08154010772705,-2.1064114570617676,7.580179691314697,-1.5766174793243408,6.531031131744385,-1.4831342697143555,6.206914901733398,-2.143296241760254,5.754984378814697,-3.3888797760009766,6.761518955230713,-2.769601583480835,5.637417793273926,0.02301858179271221,3.2652995586395264,0.07453064620494843,4.2975921630859375,0.027184559032320976,2.782012939453125,-0.002996917814016342,1.7130711078643799,-0.04858550801873207,1.566603660583496,0.02195233479142189,1.8738930225372314,0.002726261503994465,1.8764179944992065,-0.04004639759659767,1.6526089906692505,-0.0285656675696373,1.4456888437271118,-0.03937661647796631,1.2992662191390991,-0.042425721883773804,1.1621253490447998,-0.004889372736215591,1.4705514907836914,0.011390697211027145,1.129067063331604,3896.690610297575,741.9241768218805,3426.865988353564,93.9229848617936,8435.797964242789,685.5742396807498,0.12359149639423077,0.029735710419390233,0.14081430435180664,0.05686750262975693,0.14894546568393707,0.3204786777496338,0.12901704013347626,0.13823604583740234,0.36778029799461365,0.13842891156673431,0.06757449358701706,0.08512892574071884,0.25577571988105774,0.5645707845687866,0.21050916612148285,0.10717952251434326,123.046875
32,electronic_electronic_artist1_02.wav,electronic,electronic_artist1,test,-93.56026458740234,23.51352310180664,31.07476234436035,18.899860382080078,7.2095184326171875,13.519603729248047,1.2390908002853394,7.979770660400391,3.884275197982788,7.743926525115967,2.4040703773498535,8.96876049041748,-0.864726722240448,8.980178833007812,-2.072835922241211,7.337104797363281,-2.2814204692840576,6.915282249450684,-1.9028288125991821,5.974546909332275,-2.664499521255493,6.635575294494629,-3.453961133956909,6.581434726715088,-2.628749132156372,5.8107476234436035,-0.15378227829933167,3.339005470275879,0.1316535770893097,4.4176926612854,0.04868321120738983,2.94423770904541,0.024888692423701286,1.7666717767715454,0.016010966151952744,1.7438313961029053,0.024801908060908318,1.9647256135940552,0.015458979643881321,1.9099587202072144,0.06660616397857666,1.6117440462112427,0.011465076357126236,1.5329384803771973,0.003163168905302882,1.3165638446807861,0.01161437388509512,1.4697414636611938,-0.008426391519606113,1.5025142431259155,-0.043442193418741226,1.2915230989456177,3874.3015458014024,712.0827648550925,3409.5094526590137,86.44911468068524,8391.323617788461,659.5054854026824,0.12413611778846154,0.030652932312392724,0.139662504196167,0.05673167109489441,0.1484624147415161,0.3197952210903168,0.13114967942237854,0.14179494976997375,0.3726653754711151,0.14097915589809418,0.06940775364637375,0.08634244650602341,0.25076577067375183,0.5546646118164062,0.2043330818414688,0.11015504598617554,123.046875
33,electronic_electronic_artist1_03.wav,electronic,electronic_artist1,test,-95.24864196777344,23.29645538330078,31.041404724121094,19.326202392578125,8.446318626403809,13.769618034362793,0.42005449533462524,8.059520721435547,3.5587432384490967,8.138886451721191,2.160600423812866,9.164299964904785,-1.4502955675125122,8.593435287475586,-2.4559555053710938,7.106822490692139,-0.9979571104049683,7.324643611907959,-0.8570737242698669,6.080809593200684,-1.4797236919403076,6.345325469970703,-3.337782621383667,6.951918125152588,-3.214190721511841,5.303272247314453,-0.0463884137570858,3.3009307384490967,0.09627699106931686,4.431157112121582,0.08379824459552765,2.912148952484131,0.03229193016886711,1.6807749271392822,0.037635788321495056,1.718694806098938,-0.009484970010817051,1.854596734046936,-0.0020283698104321957,1.6788462400436401,-0.02464115433394909,1.5297220945358276,-0.04956069961190224,1.5963764190673828,-0.040987279266119,1.3012608289718628,-0.0063846660777926445,1.3446160554885864,0.049114517867565155,1.525326132774353,0.013336610980331898,1.1456819772720337,3893.328461935328,729.2111238368477,3427.6851026007016,88.57583834580738,8448.717886117789,667.4561369011901,0.12276517427884616,0.029523417071572935,0.1394244283437729,0.05633668601512909,0.14581918716430664,0.319864958524704,0.12887048721313477,0.13813957571983337,0.3698839843273163,0.13880814611911774,0.06743481010198593,0.08437270671129227,0.251609206199646,0.563780665397644,0.20530501008033752,0.10573078691959381,123.046875
34,electronic_electronic_artist1_04.wav,electronic,electronic_artist1,train,-93.5452651977539,23.108110427856445,31.30345916748047,18.903167724609375,8.145180702209473,13.393694877624512,0.7221474051475525,7.619993209838867,3.8594536781311035,7.46774435043335,2.1078720092773438,9.552098274230957,-1.850276231765747,9.11234188079834,-1.989809513092041,7.4679646492004395,-1.3245952129364014,6.8222761154174805,-2.027768135070801,6.020730972290039,-2.88362979888916,6.273514747619629,-2.866417407989502,6.289792060852051,-2.7639541625976562,5.639803409576416,-0.08295001834630966,3.2945444583892822,0.1152716726064682,4.435525894165039,0.0005721899215131998,2.7863409519195557,0.022856280207633972,1.6170220375061035,0.01905263215303421,1.663305640220642,0.01149202510714531,2.1257169246673584,-0.05738154053688049,1.8833731412887573,-0.014690021052956581,1.620003581047058,0.020612619817256927,1.4658807516098022,0.0018788704182952642,1.3036813735961914,-0.01541195996105671,1.3174837827682495,-0.05139295756816864,1.3798670768737793,-0.046706538647413254,1.2125872373580933,3899.363264036622,727.1112394601677,3421.029312065403,90.56418746610616,8438.448204627404,673.4868635719914,0.12579251802884617,0.03000057961959246,0.13953423500061035,0.05633057653903961,0.14837373793125153,0.3227836489677429,0.13110202550888062,0.139546200633049,0.3698326051235199,0.14097686111927032,0.06798892468214035,0.0850156620144844,0.25119900703430176,0.5548796653747559,0.20745721459388733,0.10944770276546478,123.046875
35,electronic_electronic_artist1_05.wav,electronic,electronic_artist1,train,-95.126708984375,23.824024200439453,30.40297508239746,18.999792098999023,6.942399501800537,13.341796875,-0.4195341467857361,8.325139999389648,4.27828311920166,7.621616840362549,2.876255750656128,9.12220573425293,-1.1722921133041382,8.922239303588867,-2.13474178314209,7.5403876304626465,-1.5413713455200195,5.901088714599609,-1.8121097087860107,5.923943519592285,-2.573734998703003,6.188230991363525,-3.129545211791992,6.615228176116943,-3.8782031536102295,5.44733190536499,0.08542801439762115,3.313052177429199,0.05217829346656799,4.451781749725342,-0.06950346380472183,2.876441478729248,-0.022508900612592697,1.8106262683868408,-0.05393318831920624,1.6484137773513794,-0.08866003155708313,1.8437048196792603,-0.08576923608779907,1.8031766414642334,-0.04428490251302719,1.6479562520980835,-0.0023210709914565086,1.2705267667770386,-0.03925804793834686,1.258538007736206,-0.08172494173049927,1.3158279657363892,-0.017776932567358017,1.447583556175232,-0.010388084687292576,1.181821346282959,3911.9434297253747,718.7208227049626,3420.4221214616114,95.25930989295271,8447.972506009615,667.885677159413,0.12481595552884615,0.02821828031451184,0.13659624755382538,0.05468849092721939,0.1507822722196579,0.3261975049972534,0.12908077239990234,0.13942848145961761,0.3716433644294739,0.1390131562948227,0.06709229946136475,0.08437972515821457,0.2534821629524231,0.5537110567092896,0.20256724953651428,0.10971605032682419,123.046875
36,electronic_electronic_artist1_06.wav,electronic,electronic_artist1,test,-93.31079864501953,23.546306610107422,31.21624755859375,19.290729522705078,7.524449825286865,13.907136917114258,0.47301191091537476,8.248902320861816,4.081768035888672,7.578394412994385,2.910475492477417,9.168863296508789,-0.8638242483139038,8.77320671081543,-1.8096050024032593,7.019564151763916,-1.3324005603790283,6.123696804046631,-1.7010200023651123,6.2247538566589355,-2.1441729068756104,6.422078609466553,-3.1962969303131104,6.403418064117432,-3.3978519439697266,5.629591941833496,-0.06372032314538956,3.357637882232666,0.08044043183326721,4.389529228210449,0.12286745011806488,2.990997791290283,-0.008531445637345314,1.7359367609024048,-0.006146665662527084,1.6371500492095947,0.029122594743967056,1.9653096199035645,0.04461245238780975,1.853493332862854,0.017512960359454155,1.5102907419204712,-0.019043006002902985,1.2827930450439453,-0.003072669031098485,1.3485643863677979,0.029287682846188545,1.362382173538208,0.023540368303656578,1.4182630777359009,0.02405216358602047,1.2636229991912842,3872.520396946865,715.1151612770541,3417.517169617983,91.02687902420043,8408.63300030048,658.9307608781932,0.12342247596153846,0.029422777499463332,0.14140214025974274,0.057292256504297256,0.14639410376548767,0.3186551332473755,0.12816761434078217,0.13808347284793854,0.36674246191978455,0.13985437154769897,0.06700815260410309,0.08345821499824524,0.2530630826950073,0.5631755590438843,0.2026831954717636,0.10603685677051544,123.046875
37,electronic_electronic_artist1_07.wav,electronic,electronic_artist1,test,-95.7607421875,23.20530891418457,30.975984573364258,19.66966438293457,8.1630859375,14.529487609863281,0.5180743336677551,8.266407012939453,3.632086753845215,7.224206447601318,2.934279441833496,9.113954544067383,-0.452618807554245,8.58824348449707,-2.1902363300323486,7.27634334564209,-2.2201616764068604,5.944617748260498,-1.390429973602295,6.143836498260498,-2.3166391849517822,6.623636245727539,-2.796297311782837,6.673186302185059,-2.771390199661255,5.530624866485596,-0.08453036099672318,3.2931370735168457,0.10171626508235931,4.591970443725586,0.060371942818164825,3.118583917617798,0.039487700909376144,1.7942595481872559,0.0277244932949543,1.5098400115966797,0.016870131716132164,1.99843430519104,-0.015611311420798302,1.8262460231781006,-0.02855135127902031,1.5597214698791504,-0.008580265566706657,1.2182722091674805,-0.02724839374423027,1.2352266311645508,-0.02869986742734909,1.251815676689148,-0.0018155482830479741,1.4201390743255615,0.014740820974111557,1.1584469079971313,3888.419763365905,734.4666054161154,3416.6959163522934,91.33990398279171,8410.372220552885,684.4029519782075,0.12417743389423076,0.030942195285009893,0.13793395459651947,0.055520523339509964,0.14813296496868134,0.3219972252845764,0.12789326906204224,0.13670554757118225,0.3695555329322815,0.1385583132505417,0.06622148305177689,0.0830647274851799,0.256025105714798,0.5644912123680115,0.20553143322467804,0.10679386556148529,123.046875
38,electronic_electronic_artist1_08.wav,electronic,electronic_artist1,train,-91.91427612304688,23.646520614624023,31.201446533203125,18.878969192504883,8.520425796508789,13.354372024536133,1.2515813112258911,7.718341827392578,4.5097856521606445,7.486164093017578,2.629628896713257,9.870428085327148,-1.2265714406967163,8.760041236877441,-2.282386302947998,7.115397930145264,-1.942368984222412,5.90248441696167,-1.144508719444275,6.040870666503906,-1.766310214996338,6.489076614379883,-3.5515787601470947,6.950892925262451,-3.2985284328460693,6.0438456535339355,0.1640017330646515,3.6316285133361816,-0.28036820888519287,4.160895347595215,-0.10123295336961746,2.6678342819213867,-0.08403848111629486,1.6266294717788696,-0.07070758193731308,1.6792771816253662,-0.06815849989652634,2.049306869506836,-0.0650976300239563,1.7145559787750244,-0.14843952655792236,1.5019351243972778,-0.08029697835445404,1.287691354751587,-0.05051082372665405,1.2561274766921997,-0.05131015554070473,1.348770260810852,-0.05536520108580589,1.5020142793655396,-0.03292422741651535,1.3201500177383423,3897.115987053708,725.8556360438988,3425.974669065631,91.8533819475026,8432.816443810096,670.4653598968092,0.12135291466346154,0.027329673981332056,0.14210763573646545,0.05692669749259949,0.14857396483421326,0.3164908289909363,0.12996594607830048,0.14048372209072113,0.3712714612483978,0.14229756593704224,0.06950811296701431,0.08593233674764633,0.2575843930244446,0.5723530650138855,0.20926055312156677,0.10821722447872162,129.19921875
39,electronic_electronic_artist1_09.wav,electronic,electronic_artist1,train,-94.00408172607422,23.816055297851562,30.596338272094727,18.829439163208008,7.787818431854248,13.347029685974121,0.36082401871681213,7.942521572113037,4.420882225036621,7.4234299659729,2.474403142929077,9.0324068069458,-1.448732852935791,9.088528633117676,-2.341829776763916,7.6476006507873535,-2.5238773822784424,6.4835591316223145,-2.037109136581421,5.88395357131958,-2.5802059173583984,6.656674385070801,-3.826803684234619,7.05906343460083,-3.9118828773498535,5.876774787902832,0.06647466868162155,3.3402702808380127,-0.024727147072553635,4.342172145843506,-0.11110825091600418,2.7767302989959717,-0.011301788501441479,1.6760406494140625,0.014092477969825268,1.630962610244751,-0.027052659541368484,1.8946880102157593,-0.05350726842880249,1.915084958076477,-0.05105584114789963,1.690021276473999,-0.017961159348487854,1.4310307502746582,-0.04673859477043152,1.299545407295227,-0.07847375422716141,1.4050229787826538,-0.09033510088920593,1.5164152383804321,-0.059434812515974045,1.2098195552825928,3920.828624579486,717.1204403226193,3424.554613179583,93.43670418216665,8449.62890625,665.3837492690379,0.1240234375,0.026935795515098025,0.13773739337921143,0.05512047931551933,0.15114669501781464,0.32540053129196167,0.13207723200321198,0.13965576887130737,0.37144845724105835,0.14055484533309937,0.06692127883434296,0.0849388986825943,0.25073012709617615,0.5505619049072266,0.19936534762382507,0.10905586928129196,123.046875
40,electronic_electronic_artist2_00.wav,electronic,electronic_artist2,train,-66.58541107177734,15.872071266174316,32.083106994628906,15.861997604370117,10.632467269897461,12.58983325958252,0.17395898699760437,7.564364910125732,2.470231294631958,6.134140491485596,3.315514087677002,7.066721439361572,-0.046063702553510666,8.071760177612305,-2.0003318786621094,6.748983383178711,-2.316394090652466,6.323256969451904,-2.1635091304779053,5.781181812286377,-0.8679032325744629,5.629645347595215,-1.4751240015029907,6.187736511230469,-2.6305480003356934,5.839974880218506,-0.07701610028743744,2.201892852783203,-0.04113716632127762,3.3434038162231445,-0.16287095844745636,2.5490682125091553,-0.1454460471868515,1.708954930305481,-0.10838674753904343,1.3780874013900757,-0.16338618099689484,1.6099307537078857,-0.16650763154029846,1.668925404548645,-0.1552240252494812,1.3854860067367554,-0.11907945573329926,1.4374734163284302,-0.14875254034996033,1.306244134902954,-0.13474635779857635,1.2308951616287231,-0.19686591625213623,1.4138526916503906,-0.15481582283973694,1.3210755586624146,4032.7257656100332,560.2179797522491,3469.1094799688785,71.03298724881631,8605.578988882211,451.88803343849406,0.134130859375,0.028129710919606275,0.15427447855472565,0.04758431017398834,0.13901828229427338,0.13226227462291718,0.3620931804180145,0.14305226504802704,0.07054010778665543,0.09018189460039139,0.25910550355911255,0.5667858123779297,0.21757885813713074,0.11132483929395676,0.1504858285188675,0.32932350039482117,129.19921875
41,electronic_electronic_artist2_01.wav,electronic,electronic_artist2,test,-65.95389556884766,16.053110122680664,30.969545364379883,16.35670280456543,10.53327465057373,12.38917350769043,0.08744688332080841,7.812445163726807,2.092574119567871,6.720053195953369,3.3276116847991943,6.849517345428467,0.05934424698352814,8.27837085723877,-2.226992607116699,7.441135883331299,-2.3566067218780518,6.152172565460205,-2.456904172897339,6.15032434463501,-1.7197610139846802,5.764278888702393,-1.7099695205688477,6.6145920753479,-2.6500937938690186,6.122076988220215,0.05484630912542343,2.313896894454956,-0.26731356978416443,3.5180318355560303,-0.26650577783584595,2.6589202880859375,-0.20036101341247559,1.7213904857635498,-0.060288429260253906,1.3986717462539673,-0.09882701188325882,1.511971354484558,-0.15735246241092682,1.749802827835083,-0.1508493572473526,1.5829761028289795,-0.13313035666942596,1.3458917140960693,-0.06284548342227936,1.421999216079712,-0.1086902767419815,1.2550537586212158,-0.16492779552936554,1.4769736528396606,-0.15480965375900269,1.4205329418182373,4051.6043514753183,567.0262993653986,3468.8717215516026,76.02310914519524,8620.90069110577,455.3344237005036,0.13792442908653846,0.02830782350498595,0.1558070033788681,0.04893353208899498,0.14241553843021393,0.13175128400325775,0.3582998514175415,0.14724940061569214,0.07034486532211304,0.0880914032459259,0.25610944628715515,0.5554337501525879,0.2119799107313156,0.11163048446178436,0.15618088841438293,0.34377604722976685,135.99917763157896
42,electronic_electronic_artist2_02.wav,electronic,electronic_artist2,train,-65.50672912597656,15.986806869506836,31.518306732177734,16.27142906188965,10.180194854736328,12.99435043334961,0.2083592414855957,7.372252941131592,2.3850104808807373,6.604247570037842,3.0177524089813232,6.834779739379883,0.2654385566711426,8.055864334106445,-1.8508886098861694,6.719651222229004,-2.2020883560180664,6.426431655883789,-2.904680013656616,6.077584743499756,-1.4919729232788086,5.374186038970947,-1.5405380725860596,5.687978267669678,-2.2985246181488037,5.9663238525390625,-0.02189958281815052,2.123488426208496,-0.046928729861974716,3.4945578575134277,-0.1455831378698349,2.691647529602051,-0.15984342992305756,1.564171552658081,-0.13355755805969238,1.2942092418670654,-0.12722277641296387,1.4431661367416382,-0.16973944008350372,1.6683814525604248,-0.15604567527770996,1.4832563400268555,-0.1290256679058075,1.4263412952423096,-0.11275051534175873,1.338395595550537,-0.12362242490053177,1.1600446701049805,-0.13084466755390167,1.2645130157470703,-0.15089941024780273,1.3107835054397583,4038.0147994920917,557.276584036557,3471.5071833768716,70.2729046894923,8630.839092548076,453.9766399456187,0.13743239182692307,0.029303582080198606,0.15657645463943481,0.04867561161518097,0.13716396689414978,0.1338236927986145,0.36481034755706787,0.14602383971214294,0.07060232758522034,0.09078078716993332,0.2558533251285553,0.5699791312217712,0.2238801270723343,0.11457228660583496,0.15324261784553528,0.32373949885368347,129.19921875
43,electronic_electronic_artist2_03.wav,electronic,electronic_artist2,train,-70.09274291992188,16.234834671020508,31.44953155517578,16.18419075012207,10.74769401550293,12.590158462524414,-0.10659505426883698,7.47499942779541,2.3322231769561768,6.172418117523193,3.176743268966675,7.241072177886963,0.7436440587043762,7.9191203117370605,-0.9865254163742065,6.855244159698486,-1.9941776990890503,6.383580207824707,-2.3099594116210938,5.6335954666137695,-1.9881399869918823,5.2242512702941895,-1.2243320941925049,5.6977691650390625,-2.8096749782562256,5.481611728668213,-0.21184217929840088,2.3611204624176025,-0.11428174376487732,3.4400668144226074,-0.16368268430233002,2.6014933586120605,-0.13579924404621124,1.6563715934753418,-0.12488148361444473,1.3857014179229736,-0.12270857393741608,1.638472557067871,-0.16895268857479095,1.6550850868225098,-0.18415959179401398,1.4391006231307983,-0.0991983711719513,1.4506505727767944,-0.08015826344490051,1.2697676420211792,-0.12274390459060669,1.1962698698043823,-0.15649423003196716,1.2365071773529053,-0.07344966381788254,1.2016946077346802,4046.4240215316127,571.3161269369928,3468.5478094382192,65.8609374550215,8589.429086538461,450.5061222679201,0.13785306490384616,0.031325569649226684,0.14973407983779907,0.04658498242497444,0.14178763329982758,0.13192564249038696,0.35928627848625183,0.14471761882305145,0.07126063108444214,0.0909775048494339,0.2564212381839752,0.5585850477218628,0.21741679310798645,0.11393165588378906,0.15701112151145935,0.34255632758140564,135.99917763157896
44,electronic_electronic_artist2_04.wav,electronic,electronic_artist2,test,-69.32461547851562,15.18114948272705,30.448232650756836,15.877963066101074,10.238787651062012,12.08768367767334,0.5164740085601807,7.342438697814941,2.588624954223633,6.312781810760498,3.324910879135132,7.153212070465088,0.551034688949585,7.25378942489624,-1.5748337507247925,6.978374004364014,-2.0304062366485596,6.5691609382629395,-1.5574684143066406,5.987822532653809,-1.6082512140274048,5.49787712097168,-1.8599107265472412,6.031496047973633,-2.725576400756836,5.906767845153809,-0.015637705102562904,2.0338568687438965,-0.28463441133499146,3.480358362197876,-0.23269017040729523,2.526289939880371,-0.14346548914909363,1.5443321466445923,-0.10103046894073486,1.3381893634796143,-0.11529073864221573,1.549207329750061,-0.10074061155319214,1.4770865440368652,-0.09423154592514038,1.421599268913269,-0.13252829015254974,1.498978853225708,-0.15382318198680878,1.364149570465088,-0.07956209033727646,1.147303581237793,-0.06695204973220825,1.2605023384094238,-0.13748522102832794,1.3437538146972656,4055.4437553419784,573.3856010137786,3468.0402968747558,63.19397461341525,8617.339430588941,467.07365505491805,0.13326322115384615,0.028341908793085922,0.15219740569591522,0.04696042463183403,0.13331852853298187,0.13470295071601868,0.36957210302352905,0.14447052776813507,0.06925401091575623,0.08979637920856476,0.2562311291694641,0.5746827125549316,0.22120389342308044,0.11657551676034927,0.14770041406154633,0.31465083360671997,129.19921875
45,electronic_electronic_artist2_05.wav,electronic,electronic_artist2,test,-64.4399185180664,16.282747268676758,31.814878463745117,16.411029815673828,10.480485916137695,11.929911613464355,0.3144090175628662,7.262564182281494,2.4184298515319824,6.495986461639404,3.1027109622955322,6.816436290740967,0.30496746301651,7.560669422149658,-1.5599546432495117,7.337967872619629,-2.507810115814209,6.804077625274658,-2.4657251834869385,5.548910140991211,-1.7279186248779297,5.012869358062744,-1.9585930109024048,5.679971694946289,-2.5587422847747803,6.069823741912842,-0.22069980204105377,2.311347007751465,-0.11707562953233719,3.517443895339966,-0.09942159056663513,2.3883650302886963,-0.09622596204280853,1.5315625667572021,-0.06644807755947113,1.4147615432739258,-0.12316765636205673,1.5160577297210693,-0.19217555224895477,1.631492018699646,-0.15670672059059143,1.6434910297393799,-0.09039384126663208,1.5887843370437622,-0.06253182142972946,1.199449896812439,-0.10536333173513412,1.0091978311538696,-0.17070849239826202,1.1956931352615356,-0.14996649324893951,1.3556180000305176,4028.0246206430384,570.1976420538541,3465.972361430423,67.17598033588862,8593.570087139424,460.317888482228,0.13296649639423078,0.0291822197184199,0.15849536657333374,0.0488850474357605,0.13977934420108795,0.13191084563732147,0.3590534031391144,0.1446327120065689,0.07079105079174042,0.08962283283472061,0.25869235396385193,0.5609052777290344,0.21993273496627808,0.11446062475442886,0.15556550025939941,0.3403260111808777,135.99917763157896
46,electronic_electronic_artist2_06.wav,electronic,electronic_artist2,test,-66.64885711669922,15.668904304504395,31.788171768188477,16.227476119995117,10.776138305664062,12.136731147766113,0.02593577466905117,7.185678958892822,2.2554099559783936,6.662387847900391,3.7806003093719482,6.885725975036621,0.6353981494903564,8.147541046142578,-1.3275141716003418,7.1211700439453125,-1.904225468635559,6.705243110656738,-2.672478199005127,6.1177239418029785,-1.1461836099624634,5.408605098724365,-1.7716779708862305,6.101150989532471,-2.536625862121582,5.656058311462402,-0.1582271307706833,2.1744916439056396,-0.025434905663132668,3.565192461013794,-0.13516823947429657,2.5421266555786133,-0.16541461646556854,1.607049584388733,-0.12437036633491516,1.481436848640442,-0.1304403692483902,1.4832762479782104,-0.19417642056941986,1.6457191705703735,-0.20278887450695038,1.529449462890625,-0.10361962765455246,1.4587000608444214,-0.06559335440397263,1.3112586736679077,-0.15185761451721191,1.185874104499817,-0.1847672164440155,1.3315757513046265,-0.14615893363952637,1.2366423606872559,4044.2856608014063,569.14441479728,3468.7882949916198,64.36508121873669,8621.314791165865,456.0874901713394,0.13726712740384617,0.027907642802900732,0.15412817895412445,0.04833187535405159,0.14229801297187805,0.13498878479003906,0.36304983496665955,0.14613835513591766,0.07094451040029526,0.08865197002887726,0.25722062587738037,0.5722087025642395,0.21716710925102234,0.11160756647586823,0.15413594245910645,0.32947874069213867,89.10290948275862
47,electronic_electronic_artist2_07.wav,electronic,electronic_artist2,test,-69.3891830444336,15.390335083007812,31.69770050048828,16.44057273864746,10.446595191955566,12.107513427734375,0.39112457633018494,7.814554214477539,2.729433298110962,6.795000076293945,2.772446870803833,6.600912570953369,-0.13587000966072083,8.030828475952148,-1.400768756866455,6.800991058349609,-2.3644745349884033,6.155855655670166,-2.321528673171997,5.654121398925781,-2.0054593086242676,5.310873508453369,-1.3844454288482666,6.279115200042725,-2.2407424449920654,5.96675443649292,-0.16410697996616364,2.1324801445007324,-0.0946461483836174,3.507120132446289,-0.15689167380332947,2.506263256072998,-0.15969522297382355,1.7806298732757568,-0.11831866204738617,1.529720664024353,-0.12334808707237244,1.406461477279663,-0.19569754600524902,1.7349399328231812,-0.2075810581445694,1.527366280555725,-0.12521326541900635,1.346219778060913,-0.09089243412017822,1.3001066446304321,-0.12173831462860107,1.1313930749893188,-0.1862630993127823,1.3805683851242065,-0.13630574941635132,1.2943851947784424,4029.698586452369,561.6486293955508,3465.522146137433,73.42240396978652,8599.036207932691,425.65164494074065,0.13547926682692307,0.028755524901594616,0.15065357089042664,0.04685821756720543,0.14025290310382843,0.13292473554611206,0.3595590591430664,0.14546439051628113,0.07098077982664108,0.08994762599468231,0.2569473385810852,0.564965009689331,0.22356826066970825,0.1129307672381401,0.1553778499364853,0.3371660113334656,135.99917763157896
48,electronic_electronic_artist2_08.wav,electronic,electronic_artist2,train,-66.36015319824219,16.14764404296875,31.1153564453125,16.70189666748047,9.770156860351562,12.469761848449707,0.12279891222715378,7.1159234046936035,2.715855121612549,6.440105438232422,3.4296905994415283,7.572908401489258,0.3101654350757599,7.696719646453857,-2.2401113510131836,6.266844749450684,-2.6367475986480713,6.908343315124512,-2.259929895401001,6.032787799835205,-1.6348665952682495,5.2468719482421875,-1.3876028060913086,6.183436393737793,-2.511868953704834,5.544569969177246,0.01258908212184906,2.1608195304870605,-0.08821418136358261,3.6228277683258057,-0.1574978530406952,2.523146867752075,-0.12455511838197708,1.6144542694091797,-0.1336519718170166,1.4891377687454224,-0.14962078630924225,1.6681989431381226,-0.16443341970443726,1.6002564430236816,-0.14313755929470062,1.3090314865112305,-0.16816924512386322,1.5472638607025146,-0.10254976898431778,1.337147831916809,-0.10034535080194473,1.177270770072937,-0.13218814134597778,1.3458702564239502,-0.11860543489456177,1.246514916419983,4040.2950573127378,569.3455356864806,3464.487272469849,68.13645783207109,8609.05742938702,445.08486195642195,0.1351036658653846,0.02730689253209339,0.15518207848072052,0.04830579087138176,0.13754335045814514,0.13413287699222565,0.3636060357093811,0.14540736377239227,0.07125385105609894,0.08996432274580002,0.25648021697998047,0.5708827972412109,0.2267439067363739,0.11843191087245941,0.1529976725578308,0.3240243196487427,129.19921875
49,electronic_electronic_artist2_09.wav,electronic,electronic_artist2,train,-70.98469543457031,16.468355178833008,30.577550888061523,16.405784606933594,10.487672805786133,13.112601280212402,0.0015442040748894215,7.712913513183594,2.5539824962615967,6.246591091156006,2.9080970287323,7.125199794769287,0.25340715050697327,7.9440436363220215,-1.6110916137695312,7.2802019119262695,-2.373178243637085,6.643627643585205,-2.105297088623047,5.915135860443115,-1.4553451538085938,5.277463436126709,-1.6711667776107788,5.975526332855225,-2.4346437454223633,6.44758415222168,-0.10819458961486816,2.217679262161255,-0.2427474409341812,3.659357786178589,-0.23720797896385193,2.765733242034912,-0.15410937368869781,1.6672018766403198,-0.09650935977697372,1.2979872226715088,-0.15031932294368744,1.5775411128997803,-0.18889522552490234,1.6586793661117554,-0.1448238343000412,1.5959734916687012,-0.1115037202835083,1.4634315967559814,-0.1073828637599945,1.2990601062774658,-0.08616457134485245,1.1213549375534058,-0.10323712974786758,1.3053964376449585,-0.10304918140172958,1.4757449626922607,4068.302293416532,568.7871820784483,3477.7915728847165,68.67831682481265,8647.734375,451.5843765751181,0.13757887620192308,0.0290059551533497,0.14926880598068237,0.0463239811360836,0.1269339621067047,0.12693212926387787,0.36133235692977905,0.1417488306760788,0.06788752973079681,0.08679674565792084,0.25138193368911743,0.5740652084350586,0.21529167890548706,0.10637453198432922,0.13965930044651031,0.3072666823863983,129.19921875
50,electronic_electronic_artist3_00.wav,electronic,electronic_artist3,train,-76.05078125,19.003190994262695,22.8795108795166,15.682477951049805,5.31417989730835,11.891173362731934,1.4643466472625732,7.736871242523193,4.419754981994629,7.797491073608398,1.594457983970642,8.875860214233398,-1.5445556640625,7.8533244132995605,-1.148256778717041,6.819372177124023,-1.5159435272216797,6.501880645751953,-1.8186405897140503,6.2072296142578125,-1.5482203960418701,5.8780317306518555,-0.3012709617614746,5.3000922203063965,1.9299139976501465,6.515085697174072,0.07540208101272583,3.0480897426605225,-0.23903797566890717,3.2835774421691895,-0.21855078637599945,2.477705955505371,-0.11227475106716156,1.6908997297286987,-0.08260641992092133,1.680605411529541,-0.16420823335647583,1.9080312252044678,-0.12251134216785431,1.7212646007537842,-0.15071332454681396,1.5745314359664917,-0.08133724331855774,1.4813889265060425,-0.0950218066573143,1.376814842224121,-0.09288618713617325,1.3017992973327637,-0.07196011394262314,1.035391926765442,-0.08392702043056488,1.1431993246078491,4253.762433947071,670.6136924596742,3428.8020796916094,84.11915020114127,8715.398324819711,507.25388637454347,0.16434795673076924,0.04228074876438986,0.13811032474040985,0.06316322088241577,0.5646020770072937,0.20184823870658875,0.11551512032747269,0.16744352877140045,0.37617027759552,0.1557895690202713,0.14047114551067352,0.3466522991657257,0.14719043672084808,0.0914895161986351,0.1035396158695221,0.24532218277454376,135.99917763157896
51,electronic_electronic_artist3_01.wav,electronic,electronic_artist3,test,-77.14437866210938,19.579591751098633,22.353515625,15.228340148925781,4.63810396194458,11.263840675354004,1.767708659172058,8.172989845275879,4.601070404052734,8.22458267211914,2.496332883834839,8.453392028808594,-0.7211934924125671,6.895242214202881,-1.8424640893936157,6.7790913581848145,-1.7749208211898804,6.454643249511719,-0.601599931716919,6.72533655166626,-0.6397222280502319,6.107643127441406,-0.1748780608177185,5.560390949249268,2.254077672958374,6.826632022857666,-0.07254136353731155,2.927598476409912,-0.29013803601264954,3.2123959064483643,-0.2125566154718399,2.367178440093994,-0.1421101838350296,1.7777079343795776,-0.09627434611320496,1.76460862159729,-0.14059917628765106,1.7200348377227783,-0.1204349547624588,1.399930715560913,-0.09830727428197861,1.4814279079437256,-0.09428089112043381,1.4165494441986084,-0.15877556800842285,1.403077483177185,-0.15673735737800598,1.2919889688491821,-0.06881825625896454,1.136376142501831,-0.06806241720914841,1.1324129104614258,4240.134100455053,664.506165289075,3424.8730304865085,84.93507048163643,8703.389423076924,521.7768290658721,0.16466721754807692,0.04320179321962356,0.13751281797885895,0.06350038945674896,0.557174801826477,0.1960020512342453,0.11603351682424545,0.17694447934627533,0.39264339208602905,0.15957233309745789,0.14501351118087769,0.34456130862236023,0.14460565149784088,0.09205124527215958,0.10215430706739426,0.2488676756620407,92.28515625
52,electronic_electronic_artist3_02.wav,electronic,electronic_artist3,train,-80.76717376708984,19.997371673583984,23.752662658691406,16.01393699645996,5.5198869705200195,11.606945991516113,1.4801900386810303,8.289449691772461,4.725896835327148,8.283905982971191,2.1870412826538086,8.602331161499023,-0.998059093952179,7.771960258483887,-1.6064894199371338,7.56104040145874,-0.8076607584953308,6.92720890045166,-1.4066177606582642,6.364266872406006,-1.6567538976669312,6.018826007843018,0.13263070583343506,5.612094402313232,2.213193893432617,6.954489707946777,-0.13583652675151825,3.054922342300415,0.05654346942901611,3.300398826599121,0.009228280745446682,2.504607915878296,-0.014544193632900715,1.8149747848510742,-0.02293519303202629,1.7685097455978394,-0.0413929708302021,1.821640968322754,-0.029387326911091805,1.8425973653793335,0.07220537215471268,1.8229740858078003,-0.029517173767089844,1.638138771057129,-0.06568506360054016,1.4574874639511108,0.03223874047398567,1.411967158317566,0.04052463546395302,1.232648491859436,-0.06262096762657166,1.4003113508224487,4195.706434548319,693.7696165444241,3434.9736775110314,84.69237641159076,8688.6474609375,522.2787820523786,0.16038912259615384,0.045972906523284035,0.13693951070308685,0.061122551560401917,0.5414144396781921,0.19803455471992493,0.12377675622701645,0.17709729075431824,0.38466233015060425,0.15967130661010742,0.15224456787109375,0.3662034869194031,0.15635232627391815,0.09851178526878357,0.11013428866863251,0.2529235780239105,143.5546875
53,electronic_electronic_artist3_03.wav,electronic,electronic_artist3,test,-72.9469223022461,18.976966857910156,23.40672492980957,16.48647689819336,6.190299987792969,11.456822395324707,1.9635725021362305,8.267608642578125,4.312484264373779,8.053661346435547,2.0449533462524414,8.683969497680664,-0.5409284830093384,7.87595272064209,-1.3206382989883423,7.327958583831787,-1.5716150999069214,6.435028553009033,-1.0840040445327759,6.189481258392334,-1.0152111053466797,6.407343864440918,-0.4437723159790039,5.284164905548096,1.4173204898834229,6.4670729637146,0.04691220819950104,2.8236443996429443,0.058981191366910934,3.5707225799560547,-0.03146878629922867,2.4855451583862305,0.047868553549051285,1.9331371784210205,0.03353159874677658,1.8648452758789062,-0.05928158387541771,2.0248711109161377,-0.08212023228406906,1.829753041267395,-0.045949701219797134,1.6369307041168213,-0.033647309988737106,1.4109553098678589,-0.04693763330578804,1.3900623321533203,-0.03886314481496811,1.4840490818023682,0.004689803346991539,1.164259672164917,-0.023835254833102226,1.2067620754241943,4216.636773414603,711.6703348938513,3427.0701193420896,84.42444008544446,8682.435960036059,548.3993558463359,0.16485501802884617,0.0432162015324527,0.14678269624710083,0.06587155163288116,0.5559011101722717,0.22225092351436615,0.12429297715425491,0.1663733869791031,0.39044857025146484,0.1786915361881256,0.1419532299041748,0.36090755462646484,0.1718548834323883,0.10263565927743912,0.10932326316833496,0.23346662521362305,143.5546875
54,electronic_electronic_artist3_04.wav,electronic,electronic_artist3,train,-75.90477752685547,19.83660888671875,22.888566970825195,16.47125816345215,5.47226619720459,11.680741310119629,2.30513072013855,7.911463737487793,4.778404712677002,8.024782180786133,1.9285297393798828,8.830562591552734,-1.5878100395202637,7.807719707489014,-2.125349283218384,6.826821804046631,-2.07515287399292,6.252312660217285,-1.6580743789672852,6.418138027191162,-1.691273808479309,5.952106475830078,-0.15347057580947876,5.873054504394531,2.2461791038513184,7.034315586090088,0.08365075290203094,3.051485300064087,0.020516350865364075,3.512866258621216,-0.008817966096103191,2.5871098041534424,-0.028555722907185555,1.8232555389404297,-0.040029171854257584,1.8068636655807495,-0.0481976717710495,1.926115870475769,-0.05926596745848656,1.7870351076126099,-0.06801943480968475,1.5459468364715576,-0.03374803066253662,1.3781604766845703,-0.034334756433963776,1.4780465364456177,-0.050054796040058136,1.3285999298095703,-0.06215076521039009,1.2705377340316772,-0.12439841032028198,1.3288969993591309,4222.397221875518,695.0285363324249,3422.9510000260207,81.34305391066707,8674.402418870191,526.3539580112374,0.16703725961538463,0.04232404499536657,0.1403859257698059,0.06333362311124802,0.5557745695114136,0.21973104774951935,0.12608745694160461,0.17166699469089508,0.39493587613105774,0.17337805032730103,0.14284425973892212,0.35425081849098206,0.16414175927639008,0.09948178380727768,0.1081874817609787,0.24014578759670258,143.5546875
55,electronic_electronic_artist3_05.wav,electronic,electronic_artist3,train,-77.07321166992188,19.361698150634766,23.11990737915039,16.886241912841797,5.013843536376953,12.249777793884277,1.6950535774230957,8.232649803161621,4.66365385055542,8.025561332702637,2.310347318649292,8.78702449798584,-1.1580091714859009,8.140233039855957,-1.5182609558105469,6.502227783203125,-1.8280375003814697,6.029403209686279,-1.5446617603302002,7.031080722808838,-1.207208514213562,6.534240245819092,-0.1630387306213379,5.662732124328613,1.5726712942123413,7.145740985870361,0.14990602433681488,2.974019765853882,0.0669953003525734,3.6152806282043457,-0.08547860383987427,2.6661133766174316,-0.050348326563835144,1.8628411293029785,-0.06254026293754578,1.8498592376708984,-0.13511693477630615,1.9363716840744019,-0.11966146528720856,1.8527425527572632,-0.0164665374904871,1.5230306386947632,-0.019635340198874474,1.3333007097244263,-0.05793195962905884,1.589359164237976,-0.07634416222572327,1.5422435998916626,-0.05165953189134598,1.148760437965393,-0.04799993708729744,1.3787544965744019,4215.099973828045,687.8536379230699,3420.692322382297,89.15651200586714,8665.871957632211,523.4054726844792,0.16622596153846153,0.04405439097063274,0.13812896609306335,0.06181344389915466,0.5584668517112732,0.22231490910053253,0.12682799994945526,0.170927494764328,0.3959665298461914,0.17565202713012695,0.14230294525623322,0.3535721004009247,0.1640947461128235,0.1001681238412857,0.1096409410238266,0.2402748465538025,143.5546875
56,electronic_electronic_artist3_06.wav,electronic,electronic_artist3,train,-72.46031951904297,19.404937744140625,22.254840850830078,15.763429641723633,5.2175188064575195,11.649373054504395,1.9768080711364746,7.7511138916015625,4.913956165313721,7.241704940795898,2.0390117168426514,8.32004451751709,-0.9547534584999084,7.176366329193115,-1.6176015138626099,6.736390590667725,-0.9709506034851074,6.126844882965088,-1.178995132446289,6.3834099769592285,-1.1445732116699219,5.964529514312744,0.026082254946231842,5.138366222381592,2.0033881664276123,6.809355735778809,0.09668885916471481,3.117192029953003,-0.2266746312379837,3.332308769226074,-0.20489290356636047,2.4249863624572754,-0.18078619241714478,1.612709403038025,-0.17936891317367554,1.4879484176635742,-0.19293028116226196,1.709750771522522,-0.16848056018352509,1.514087438583374,-0.1556914895772934,1.4546867609024048,-0.12383983284235,1.337956428527832,-0.14447499811649323,1.4040510654449463,-0.122437484562397,1.2856123447418213,-0.08246634155511856,1.0291340351104736,-0.06836536526679993,1.3248285055160522,4251.202499851461,670.3688852332285,3430.273229423909,83.6560483991635,8714.073204627404,508.4597091708557,0.16363807091346153,0.045378901489981735,0.14322048425674438,0.06777052581310272,0.5661904215812683,0.20179513096809387,0.11792139708995819,0.16819073259830475,0.37053051590919495,0.1542050689458847,0.1417650729417801,0.355812132358551,0.14830169081687927,0.09162446856498718,0.10257869958877563,0.24761135876178741,135.99917763157896
57,electronic_electronic_artist3_07.wav,electronic,electronic_artist3,test,-81.54622650146484,19.282991409301758,22.690479278564453,16.297454833984375,5.301303386688232,11.928582191467285,2.4199934005737305,8.03640079498291,4.6685895919799805,8.26537799835205,2.262110710144043,9.003705024719238,-1.1038323640823364,7.965909481048584,-1.8030588626861572,6.601073741912842,-0.7916609644889832,6.41953182220459,-1.1926275491714478,6.4177985191345215,-0.7049731612205505,6.719964504241943,0.620423436164856,5.4601731300354,1.844551682472229,6.712725639343262,-0.17425377666950226,2.9677894115448,0.02697836048901081,3.4088001251220703,-0.03742485120892525,2.487130880355835,0.027116011828184128,1.7971147298812866,0.06736826151609421,1.9291621446609497,-0.027230292558670044,1.9645330905914307,-0.1052744910120964,1.779475450515747,-0.04306624457240105,1.5158870220184326,-0.04767806828022003,1.4028197526931763,-0.033597152680158615,1.3693761825561523,-0.03527190908789635,1.5524542331695557,0.01251339539885521,1.2589613199234009,0.003990987781435251,1.2543716430664062,4196.462985190805,694.8305286596222,3424.263199980041,84.77495217600861,8672.746018629809,503.58596449054045,0.16279672475961537,0.04817394165617091,0.13529913127422333,0.06243765726685524,0.5408613085746765,0.21611210703849792,0.1235545203089714,0.16486573219299316,0.38530412316322327,0.1731283962726593,0.1420547366142273,0.36293283104896545,0.16561153531074524,0.09847595542669296,0.10613822937011719,0.23140397667884827,143.5546875
58,electronic_electronic_artist3_08.wav,electronic,electronic_artist3,test,-73.82678985595703,18.949018478393555,22.069459915161133,15.481363296508789,5.235134601593018,11.628642082214355,1.972886085510254,8.125579833984375,4.127418041229248,8.151758193969727,2.1665945053100586,8.57188606262207,-1.386791467666626,7.4538187980651855,-1.9254097938537598,6.548769474029541,-2.0603134632110596,6.588040351867676,-1.9397891759872437,6.324676990509033,-0.7824447751045227,5.620579719543457,0.11610857397317886,5.24113130569458,1.6252903938293457,6.24201774597168,-0.09536784142255783,2.8274877071380615,-0.29452571272850037,3.2703616619110107,-0.25556883215904236,2.4926884174346924,-0.11325434595346451,1.7491027116775513,-0.13131529092788696,1.7551038265228271,-0.21635140478610992,1.84490168094635,-0.16865341365337372,1.684830904006958,-0.06738299131393433,1.5459954738616943,-0.07075995206832886,1.5840243101119995,-0.09269976615905762,1.3231691122055054,-0.07974891364574432,1.2609111070632935,-0.07945293933153152,1.0817581415176392,-0.12473837286233902,1.1695809364318848,4253.1727099913405,662.2869562709784,3421.4804512305145,92.61351156520848,8712.085524338941,486.74724629171504,0.16487004206730768,0.044162154960819384,0.14167781174182892,0.065807044506073,0.5539882183074951,0.20123258233070374,0.1159924864768982,0.17704430222511292,0.39883261919021606,0.16363102197647095,0.1418371945619583,0.3434942960739136,0.14785417914390564,0.09201782196760178,0.10448304563760757,0.24467183649539948,92.28515625
59,electronic_electronic_artist3_09.wav,electronic,electronic_artist3,test,-75.9190673828125,20.040122985839844,22.708724975585938,15.284747123718262,5.103750228881836,11.064963340759277,2.0810916423797607,8.037834167480469,4.7117509841918945,8.009727478027344,3.0085606575012207,8.254561424255371,-1.1057734489440918,7.522828102111816,-2.0330240726470947,6.621336936950684,-1.1810173988342285,6.539608001708984,-0.9396191835403442,6.756558418273926,-2.0187556743621826,6.382240295410156,-0.30727896094322205,5.632475852966309,1.5020980834960938,6.922937870025635,0.05669477954506874,3.2407970428466797,-0.30483072996139526,3.2950382232666016,-0.23613253235816956,2.2950053215026855,-0.14276251196861267,1.7680013179779053,-0.1530502885580063,1.7700525522232056,-0.1446038782596588,1.7523109912872314,-0.2223631590604782,1.5920988321304321,-0.13242512941360474,1.4625455141067505,-0.14129599928855896,1.4640096426010132,-0.15392230451107025,1.470551609992981,-0.16777276992797852,1.4630324840545654,-0.10726708173751831,1.0839684009552002,-0.09430396556854248,1.236167311668396,4229.528839018108,660.7862544169108,3416.5023541470187,90.02083247740089,8664.215557391826,490.8651005329102,0.1633075420673077,0.04382617361995097,0.1385183185338974,0.06545910239219666,0.5656682848930359,0.19551432132720947,0.11984214931726456,0.17212964594364166,0.3652103841304779,0.14872196316719055,0.14515098929405212,0.35690879821777344,0.14475907385349274,0.09227001667022705,0.10497291386127472,0.2560223937034607,135.99917763157896
60,rock_rock_artist1_00.wav,rock,rock_artist1,test,-25.771799087524414,30.317201614379883,40.94027328491211,10.03360366821289,29.285621643066406,6.1762919425964355,16.425262451171875,3.7413012981414795,11.762368202209473,3.4873180389404297,10.315722465515137,3.947512626647949,9.39171028137207,3.5693106651306152,7.331245422363281,3.6965372562408447,4.745110034942627,4.010921001434326,2.7129225730895996,3.914655923843384,1.6573225259780884,3.3296217918395996,0.7771490216255188,3.1708309650421143,0.6375133395195007,3.327291965484619,-0.07310905307531357,6.484434604644775,-0.15183056890964508,1.9993550777435303,-0.07211320847272873,1.1533681154251099,-0.07231859117746353,0.7478571534156799,-0.07732298970222473,0.6599273085594177,-0.058508552610874176,0.8391294479370117,-0.04207925871014595,0.7094571590423584,-0.1391468495130539,0.8088817596435547,-0.12232287228107452,0.8437380194664001,-0.11356067657470703,0.7861423492431641,-0.10690329223871231,0.6265190243721008,-0.12103394418954849,0.6619507074356079,-0.09212109446525574,0.6683295965194702,4000.3478466495712,459.0287029217951,3560.2141072245176,63.42393295751434,8676.969839242789,331.3434924834198,0.11313100961538461,0.04845541520611663,0.23577235639095306,0.03844040259718895,0.3636922836303711,0.5325865745544434,0.7931185364723206,0.6084475517272949,0.41907283663749695,0.21674509346485138,0.07762335240840912,0.08265973627567291,0.3023228347301483,0.5244907140731812,0.305586576461792,0.39887285232543945,64.599609375
61,rock_rock_artist1_01.wav,rock,rock_artist1,test,-26.355131149291992,30.061721801757812,40.52611541748047,10.327970504760742,29.03497314453125,7.472931385040283,17.880983352661133,5.5772857666015625,12.960512161254883,3.89969539642334,11.606194496154785,3.4714908599853516,9.691832542419434,3.2905471324920654,6.840357303619385,3.8331139087677,5.077441215515137,3.9113011360168457,3.190087080001831,4.123527526855469,2.4371957778930664,3.773728847503662,2.450378179550171,3.6336755752563477,2.1101608276367188,3.753736734390259,-0.12310230731964111,6.359148979187012,-0.189775750041008,2.041733980178833,-0.17102418839931488,1.3858230113983154,-0.03475967422127724,0.8893000483512878,-0.0637383684515953,0.7436408996582031,-0.09947853535413742,0.6819877028465271,-0.06807563453912735,0.6561077237129211,-0.11668099462985992,0.7965899109840393,-0.10648716986179352,0.7751328945159912,-0.04647621884942055,0.701606273651123,-0.1055348664522171,0.738224983215332,-0.15123578906059265,0.7239387631416321,-0.09971901774406433,0.7135728597640991,3978.135938862311,456.98680199513495,3551.229269495872,63.83902709533118,8650.550255408654,316.1737889592138,0.10973933293269231,0.048314201672676166,0.23547281324863434,0.038808368146419525,0.3062277138233185,0.1631109118461609,0.29286956787109375,0.4383222162723541,0.9135549068450928,0.6271353363990784,0.1974867880344391,0.21278008818626404,0.2627045512199402,0.36248767375946045,0.3930089473724365,0.6319036483764648,64.599609375
62,rock_rock_artist1_02.wav,rock,rock_artist1,test,-26.018268585205078,30.72562599182129,41.99651336669922,9.753491401672363,30.9798526763916,6.418033123016357,18.640060424804688,4.854440689086914,12.5259370803833,4.2385077476501465,10.381426811218262,3.714677095413208,9.125219345092773,3.4598662853240967,7.713086128234863,3.5311338901519775,5.450781345367432,3.6254971027374268,4.0719313621521,4.17266845703125,2.7686336040496826,3.7172129154205322,1.7093970775604248,3.4106717109680176,1.4754003286361694,3.8382532596588135,-0.0017742157215252519,6.5038371086120605,-0.0841703787446022,1.8827464580535889,-0.10886319726705551,1.1453499794006348,-0.12609602510929108,0.7688678503036499,-0.1140691265463829,0.8023889660835266,-0.09146086871623993,0.7688617706298828,-0.07821328938007355,0.7180109620094299,-0.03168340027332306,0.6973706483840942,-0.09010844677686691,0.6303046345710754,-0.16444309055805206,0.7603972554206848,-0.14090415835380554,0.7295516729354858,-0.09778334945440292,0.572263240814209,-0.0768156498670578,0.6680801510810852,3958.3551986658285,447.25249363301543,3554.190328217602,63.43643117173518,8627.19501201923,285.9180966183488,0.11163987379807692,0.04936391005163183,0.23515094816684723,0.037946030497550964,0.3139806091785431,0.4547868072986603,0.690733015537262,0.5626505613327026,0.411673903465271,0.24394188821315765,0.1746300309896469,0.2356353998184204,0.5047038197517395,0.7488576769828796,0.42057564854621887,0.32370346784591675,66.25600961538461
63,rock_rock_artist1_03.wav,rock,rock_artist1,train,-26.425539016723633,30.082666397094727,41.16130447387695,9.505191802978516,31.871135711669922,7.9234771728515625,20.47471046447754,5.649524688720703,13.454262733459473,3.588587999343872,10.965583801269531,3.107487440109253,9.659454345703125,3.1585679054260254,8.33372974395752,2.93019700050354,6.395300388336182,3.356044292449951,5.122701644897461,3.350043773651123,4.793920993804932,3.5447885990142822,3.6297223567962646,4.170956611633301,2.912407875061035,3.5134949684143066,0.014485696330666542,6.334083557128906,-0.05976444482803345,1.876827597618103,-0.09107998013496399,1.4177052974700928,-0.049360305070877075,0.9044526219367981,-0.03861599788069725,0.6305145621299744,-0.08895719796419144,0.5824580788612366,-0.08201147615909576,0.5375663638114929,-0.014530367217957973,0.509462296962738,-0.0526336207985878,0.5575276613235474,-0.02201560139656067,0.49243828654289246,-0.049358732998371124,0.6376913189888,-0.06257455796003342,0.699002742767334,-0.07187460362911224,0.6219215393066406,3967.40512721515,424.28703077638465,3558.640354964396,72.26280375034476,8643.924654447115,274.6172229621166,0.11042292668269231,0.04559849955446325,0.23394519090652466,0.036294497549533844,0.1838991940021515,0.1348177194595337,0.20121826231479645,0.4835720956325531,0.8163270354270935,0.526096761226654,0.28542909026145935,0.4084416329860687,0.5669915676116943,0.7312093377113342,0.5894718766212463,0.47485482692718506,67.99958881578948
64,rock_rock_artist1_04.wav,rock,rock_artist1,train,-26.877731323242188,30.431039810180664,41.37154006958008,9.086332321166992,32.67754364013672,6.392519950866699,20.768287658691406,4.99733304977417,14.170267105102539,3.811091184616089,11.26546573638916,3.3839797973632812,9.477157592773438,3.4572179317474365,8.197857856750488,3.3558552265167236,6.57923698425293,3.495295524597168,4.818714141845703,4.004674911499023,3.9981460571289062,3.8424181938171387,3.849276065826416,3.1192290782928467,2.521378993988037,3.8699419498443604,-0.03254737704992294,6.42525053024292,-0.09427957981824875,1.8369643688201904,-0.0653725117444992,1.0738680362701416,-0.05391596257686615,0.7923634052276611,-0.10008827596902847,0.7084029316902161,-0.10440004616975784,0.6026984453201294,-0.029429282993078232,0.6470682621002197,-0.011997186578810215,0.577068567276001,-0.007332811132073402,0.513993501663208,-0.04442189261317253,0.7605252265930176,-0.05451808124780655,0.7322950959205627,-0.05643155053257942,0.5034306645393372,-0.09855299443006516,0.6759054064750671,3980.7766490817485,436.9721982315534,3570.8225412494016,64.85668421483619,8661.482496995191,289.4169701390895,0.11132436899038461,0.04613789762752669,0.2337440699338913,0.0364571176469326,0.22223670780658722,0.2806965708732605,0.42469334602355957,0.5357407927513123,0.5643019676208496,0.3553397059440613,0.29937195777893066,0.4195643365383148,0.6981613039970398,0.9125424027442932,0.5860801339149475,0.32692602276802063,64.599609375
65,rock_rock_artist1_05.wav,rock,rock_artist1,test,-26.882410049438477,30.554746627807617,40.79427719116211,9.378984451293945,31.62896728515625,7.579432964324951,20.446123123168945,5.997812747955322,13.788566589355469,3.895400047302246,11.543558120727539,3.614072561264038,9.550315856933594,3.7852842807769775,7.9468207359313965,3.7483294010162354,6.121252536773682,3.4592573642730713,5.02433443069458,3.70009446144104,4.204148292541504,3.435866117477417,3.2450649738311768,3.6870179176330566,1.9234555959701538,4.020780086517334,-0.06783928722143173,6.4738287925720215,-0.10983841866254807,1.9496101140975952,-0.05948187783360481,1.4995028972625732,-0.030510645359754562,0.9899857640266418,-0.1138731837272644,0.759517252445221,-0.11652246862649918,0.7312120199203491,-0.04846598580479622,0.6549822688102722,-0.0234966017305851,0.6392003297805786,-0.06529100984334946,0.5559555292129517,-0.09678151458501816,0.6838574409484863,-0.040204402059316635,0.5773055553436279,-0.06979002058506012,0.6473356485366821,-0.07527551800012589,0.7205172777175903,3971.016522760651,429.1422163348239,3557.6322824574045,69.89908010673257,8629.43115234375,281.39389498208214,0.11223707932692308,0.04801439415184182,0.2337922602891922,0.03629478067159653,0.18889667093753815,0.13690191507339478,0.20279379189014435,0.4899192154407501,0.8242842555046082,0.5317516326904297,0.2938738167285919,0.415670245885849,0.5626473426818848,0.7180861234664917,0.5864131450653076,0.47941240668296814,64.599609375
66,rock_rock_artist1_06.wav,rock,rock_artist1,test,-26.16844940185547,29.164522171020508,40.646095275878906,10.557364463806152,29.478038787841797,6.789773941040039,18.526168823242188,4.8990983963012695,12.231937408447266,3.8006086349487305,10.519523620605469,3.9089159965515137,9.412678718566895,4.092858791351318,7.731122016906738,3.3110992908477783,5.869068622589111,3.308178663253784,4.560027599334717,3.626418352127075,3.570317268371582,3.686113119125366,2.1574814319610596,3.970909595489502,1.4307748079299927,3.4965343475341797,-0.06950259208679199,6.154684066772461,-0.15992718935012817,2.1580493450164795,-0.13491955399513245,1.2780898809432983,-0.07064452767372131,0.9334615468978882,-0.08944053202867508,0.7233325839042664,-0.11964567005634308,0.7160903215408325,-0.08060620725154877,0.8052803874015808,-0.08813244849443436,0.6542976498603821,-0.08554602414369583,0.6220338344573975,-0.09211573749780655,0.6288167834281921,-0.10849452018737793,0.7010204792022705,-0.0747995376586914,0.7574328780174255,-0.06496963649988174,0.6154075264930725,3970.001159973839,453.166228806908,3545.18202114005,73.07143662145167,8633.075232872596,306.7364009943714,0.11071965144230769,0.0473552288246526,0.23452626168727875,0.03793369233608246,0.3124220073223114,0.2919398248195648,0.4822612404823303,0.5439434051513672,0.6750215888023376,0.4541206359863281,0.17893128097057343,0.21377357840538025,0.31266137957572937,0.5614596605300903,0.46316954493522644,0.4734809994697571,66.25600961538461
67,rock_rock_artist1_07.wav,rock,rock_artist1,train,-26.037872314453125,29.57913589477539,40.62049102783203,9.770214080810547,28.876115798950195,6.428302764892578,17.546995162963867,5.298367023468018,13.062178611755371,4.574701309204102,11.151140213012695,3.8855018615722656,9.231999397277832,3.5071022510528564,6.9802165031433105,3.505396604537964,4.8502302169799805,3.6955013275146484,3.809187173843384,3.9264585971832275,2.5954062938690186,3.5352184772491455,1.87064790725708,3.696342945098877,1.6340092420578003,3.8505232334136963,-0.0639064759016037,6.268946647644043,-0.18903571367263794,2.0067124366760254,-0.13830310106277466,1.219767689704895,-0.07598042488098145,0.8392601609230042,-0.10069257766008377,0.7976978421211243,-0.12614715099334717,0.820000171661377,-0.10132161527872086,0.6829215288162231,-0.020286925137043,0.6004570722579956,-0.07253012806177139,0.6548040509223938,-0.048150867223739624,0.7146697640419006,-0.057593073695898056,0.7190438508987427,-0.10488385707139969,0.7152063846588135,-0.11555691063404083,0.6780466437339783,3980.3948866701444,457.385810514728,3551.236330050445,62.21162741583884,8647.485914963941,313.68587674908593,0.11022010216346154,0.046553454309156805,0.23517128825187683,0.037213344126939774,0.29611486196517944,0.15607044100761414,0.2822398245334625,0.42892760038375854,0.9155992269515991,0.6170863509178162,0.19730401039123535,0.2106332927942276,0.2557312548160553,0.35804060101509094,0.3884546756744385,0.6242839097976685,66.25600961538461
68,rock_rock_artist1_08.wav,rock,rock_artist1,train,-26.235172271728516,30.40892791748047,40.527156829833984,10.223662376403809,30.885662078857422,7.659604072570801,19.893693923950195,5.447895526885986,14.12834644317627,3.7834219932556152,11.451167106628418,3.203350305557251,9.226825714111328,2.7294442653656006,7.478698253631592,3.1781094074249268,6.275590419769287,3.959887742996216,5.032203197479248,3.4728968143463135,4.436344623565674,4.038416385650635,3.343639850616455,3.985710382461548,2.233977794647217,4.237905502319336,-0.027108369395136833,6.449591159820557,-0.08629009872674942,2.031108856201172,-0.10276635736227036,1.3651214838027954,-0.1119498610496521,0.9288991093635559,-0.08080209791660309,0.6566426753997803,-0.06355001777410507,0.6286430954933167,-0.03421015664935112,0.48854708671569824,-0.041306640952825546,0.6076620221138,-0.11128507554531097,0.6704964637756348,-0.10721534490585327,0.6330932378768921,-0.09016754478216171,0.7792101502418518,-0.08966027945280075,0.6318638324737549,-0.07811198383569717,0.7112338542938232,3982.134240304967,444.32067567303835,3558.7038387660823,71.80116470083227,8655.519456129809,299.0552537691236,0.11197415865384615,0.04698181562352339,0.23498599231243134,0.03751068189740181,0.2081163376569748,0.1593513935804367,0.23588663339614868,0.5123285055160522,0.8442408442497253,0.5420340895652771,0.2656773030757904,0.3555813729763031,0.49071770906448364,0.6299059391021729,0.5429368615150452,0.5107173323631287,66.25600961538461
69,rock_rock_artist1_09.wav,rock,rock_artist1,train,-26.957653045654297,30.65785789489746,42.00502395629883,9.517136573791504,33.8314094543457,6.316470146179199,22.160547256469727,4.38237190246582,14.596251487731934,3.187396764755249,11.309490203857422,2.7976272106170654,9.451919555664062,3.2032036781311035,8.879645347595215,3.1737008094787598,7.265817642211914,3.1285200119018555,6.52334451675415,2.9620416164398193,5.474839210510254,3.0264289379119873,4.296268463134766,2.8967034816741943,3.957608699798584,3.3729066848754883,-0.04918576776981354,6.420397758483887,-0.10932856798171997,1.9275803565979004,-0.08801095932722092,1.2573844194412231,-0.04304901883006096,0.8576547503471375,-0.025947585701942444,0.4836682379245758,-0.055410195142030716,0.4718594551086426,-0.05612831190228462,0.579965353012085,-0.057790543884038925,0.5663661360740662,-0.0760863646864891,0.6502848863601685,-0.05358691141009331,0.5619258880615234,-0.04251297190785408,0.5690912008285522,-0.011708433739840984,0.5151845812797546,-0.002037730533629656,0.5370573401451111,3956.799860076198,434.43361311726443,3568.655653722442,72.09777527145124,8635.725473257211,269.02598019514477,0.11128305288461539,0.04585060121296505,0.23434440791606903,0.03574368730187416,0.15769079327583313,0.11035250127315521,0.1364833265542984,0.3487160801887512,0.7187130451202393,0.5285509824752808,0.3295564651489258,0.5500829815864563,0.6886191964149475,0.9930800199508667,0.7594414353370667,0.4458733797073364,67.99958881578948
70,rock_rock_artist2_00.wav,rock,rock_artist2,train,-2.567439556121826,28.303634643554688,35.886390686035156,9.105228424072266,22.514190673828125,7.272268295288086,12.106353759765625,5.673140525817871,9.852777481079102,4.088430881500244,8.63691234588623,3.8485682010650635,5.838619232177734,4.059388637542725,3.491360664367676,4.35676908493042,2.0182199478149414,3.8680922985076904,1.357985258102417,3.679133176803589,0.7749536633491516,3.64815092086792,-0.2335709035396576,3.4376983642578125,-2.773047685623169,4.5766825675964355,0.6048961281776428,6.085936069488525,-0.3001643717288971,1.801310658454895,-0.11955510079860687,1.3595924377441406,-0.1165057048201561,1.0603532791137695,-0.12826712429523468,0.7564235925674438,-0.048560041934251785,0.6676871180534363,-0.05046001076698303,0.6229785680770874,-0.09247983992099762,0.8164793848991394,-0.0835946649312973,0.7665916681289673,-0.06467489898204803,0.7547972798347473,-0.05645645782351494,0.756738007068634,-0.0518721304833889,0.6892973184585571,-0.030430786311626434,0.7356020212173462,4209.208163558527,401.1090522496225,3522.340259283064,62.59516272221649,8769.31415264423,269.0896495522278,0.11894906850961538,0.05037191048810071,0.24971847236156464,0.036373771727085114,0.2673904299736023,0.3954818844795227,0.8039830923080444,0.5308140516281128,0.20423635840415955,0.23344849050045013,0.2428557276725769,0.6043211221694946,0.4286229610443115,0.39550936222076416,0.23954957723617554,0.16314978897571564,143.5546875
71,rock_rock_artist2_01.wav,rock,rock_artist2,test,-1.398558259010315,27.206974029541016,37.6957893371582,9.484529495239258,25.03574562072754,5.4192118644714355,14.226399421691895,4.385806083679199,11.312586784362793,4.2820916175842285,9.607030868530273,4.115836143493652,7.500782012939453,4.0569024085998535,4.531645774841309,3.528677463531494,3.4591572284698486,3.6049394607543945,1.6537429094314575,3.60198974609375,0.935893177986145,3.308723211288452,0.8164737820625305,3.0425267219543457,-0.275034099817276,3.7827863693237305,0.21544310450553894,5.446152210235596,-0.20448370277881622,1.8744243383407593,-0.15993249416351318,0.873403012752533,-0.08727790415287018,0.6840931177139282,-0.04843704402446747,0.8072043657302856,-0.10191095620393753,0.8601936101913452,-0.07817798107862473,0.7511770725250244,-0.08197680115699768,0.5718345642089844,-0.0761435478925705,0.6697421073913574,-0.0035601963754743338,0.6599152684211731,-0.05385447293519974,0.5586631298065186,-0.09055586904287338,0.65177321434021,-0.12145036458969116,0.6253384947776794,4203.763575003747,404.73128032269324,3538.9017039349465,66.36671955333371,8808.488018329326,247.47474662708294,0.11938100961538461,0.05257559221908187,0.2500057518482208,0.036997973918914795,0.4154421389102936,0.6017137169837952,0.931714653968811,0.5058807134628296,0.1826593279838562,0.12712974846363068,0.16781464219093323,0.2778570055961609,0.4098077714443207,0.6005170345306396,0.25789105892181396,0.28768908977508545,73.828125
72,rock_rock_artist2_02.wav,rock,rock_artist2,test,-1.7786823511123657,27.661602020263672,36.03765869140625,10.236825942993164,21.965816497802734,7.234439373016357,12.199838638305664,5.191617488861084,9.770654678344727,4.300815105438232,8.517884254455566,4.3597731590271,5.839365482330322,4.251210689544678,3.6556246280670166,4.303822040557861,2.509221076965332,4.23498010635376,0.9746629595756531,3.741342782974243,-0.30408066511154175,4.383263111114502,-2.270221471786499,5.410659313201904,-4.844630241394043,7.318594932556152,0.2946305572986603,5.482468128204346,-0.21141397953033447,1.9440938234329224,-0.05819174274802208,1.3247301578521729,-0.032593224197626114,0.9728918671607971,-0.05945582315325737,0.8789676427841187,-0.08790553361177444,0.8520196676254272,-0.09467107057571411,0.8191208243370056,-0.11975571513175964,0.8227015137672424,-0.10992013663053513,0.8517539501190186,-0.06672883033752441,0.702864944934845,-0.04615132510662079,0.8658612966537476,0.03471926599740982,0.8425901532173157,0.09826584160327911,0.8961433172225952,4208.369304698458,424.672206115189,3518.9426602670424,64.47362279511536,8780.329214242789,275.9671791651562,0.12132286658653846,0.05352959815189445,0.2504918575286865,0.03818202391266823,0.26525992155075073,0.36292025446891785,0.6519843935966492,0.5083834528923035,0.3298649787902832,0.20491458475589752,0.1745600700378418,0.3888151943683624,0.3712218701839447,0.6442298293113708,0.3759293258190155,0.17492027580738068,73.828125
73,rock_rock_artist2_03.wav,rock,rock_artist2,train,-3.045496702194214,27.795120239257812,35.167510986328125,10.23454761505127,21.21845245361328,6.949639320373535,11.70783519744873,4.907656669616699,10.211255073547363,4.496200084686279,7.676288604736328,4.365718841552734,4.917150974273682,4.057629585266113,3.3372859954833984,3.99190616607666,2.072016477584839,3.967534303665161,1.017102837562561,4.0112690925598145,-0.7532867193222046,4.590478897094727,-3.614898204803467,5.586963653564453,-7.845943927764893,6.564432621002197,0.6276894211769104,5.834587097167969,-0.34760817885398865,1.945210337638855,-0.16850222647190094,1.1759204864501953,-0.09050793200731277,0.9809606671333313,-0.13344521820545197,0.8919280767440796,-0.05608184635639191,0.822563111782074,-0.020174045115709305,0.7548173666000366,-0.12128017842769623,0.776507556438446,-0.15498971939086914,0.7490334510803223,-0.08796525001525879,0.7974539399147034,-0.0669991672039032,0.7932746410369873,-0.04215037450194359,0.9617996215820312,-0.055750809609889984,0.949547529220581,4214.799005652335,414.6132489431579,3519.4045914897247,71.97157534156453,8783.47637469952,277.77349280711974,0.11980919471153846,0.05255475924428308,0.25017237663269043,0.03797493875026703,0.19326253235340118,0.2647542357444763,0.4919346570968628,0.3871828317642212,0.39157313108444214,0.22673791646957397,0.19684788584709167,0.43047666549682617,0.39698320627212524,0.6807011961936951,0.3744677007198334,0.14348763227462769,71.77734375
74,rock_rock_artist2_04.wav,rock,rock_artist2,train,-0.9128687977790833,27.77060890197754,37.37272262573242,9.47278118133545,23.531282424926758,6.860273361206055,13.350370407104492,5.5060601234436035,11.065804481506348,4.143982410430908,8.762564659118652,3.9915642738342285,5.974004745483398,4.163302421569824,4.2925848960876465,4.3627166748046875,2.8070859909057617,4.1449456214904785,1.1524642705917358,3.8561654090881348,0.048576969653367996,3.924452781677246,-1.9688011407852173,5.355237007141113,-4.205399513244629,7.929929733276367,0.445223867893219,5.543861389160156,-0.22864878177642822,1.7840001583099365,-0.14052587747573853,1.2751672267913818,-0.09026624262332916,1.1072006225585938,-0.08419442176818848,0.7573665380477905,-0.09428822249174118,0.7150490880012512,-0.06452664732933044,0.7938216924667358,-0.13752728700637817,0.862956702709198,-0.034589771181344986,0.7460440993309021,-0.04359700158238411,0.6998617649078369,-0.03874632343649864,0.6851391792297363,0.00835094228386879,0.8286449313163757,0.05798177421092987,0.867778480052948,4205.149251257393,406.15117386505415,3530.710457023055,60.78919170931942,8791.592735877404,282.5789318056381,0.120263671875,0.052567129080805054,0.24991068243980408,0.03740011528134346,0.36498120427131653,0.5079695582389832,0.7423014640808105,0.5071249604225159,0.30097293853759766,0.11447810381650925,0.11714295297861099,0.15031291544437408,0.4389026463031769,0.8020698428153992,0.3296111226081848,0.2554866373538971,71.77734375
75,rock_rock_artist2_05.wav,rock,rock_artist2,train,-1.9187990427017212,27.69428253173828,35.48752212524414,9.789680480957031,20.488447189331055,6.775979518890381,11.589922904968262,5.817005157470703,9.69976806640625,4.6811323165893555,7.073070526123047,4.323410987854004,4.8650736808776855,4.434000015258789,2.544980525970459,3.709953546524048,1.9261815547943115,3.875413656234741,1.4110212326049805,3.8033370971679688,-0.5196598172187805,4.04598331451416,-3.973914623260498,5.429057598114014,-7.710445404052734,7.178934097290039,0.6767052412033081,5.876533031463623,-0.30751892924308777,1.8159863948822021,-0.17652393877506256,1.1530444622039795,-0.17118453979492188,1.0865980386734009,-0.14895565807819366,0.8296869993209839,-0.17004869878292084,0.7810685038566589,-0.1392311155796051,0.7190947532653809,-0.08908847719430923,0.6013644933700562,-0.06296862661838531,0.7387678623199463,-0.0650445893406868,0.7720366716384888,-0.13376706838607788,0.7798037528991699,-0.10834431648254395,0.8902430534362793,-0.09785730391740799,1.0585824251174927,4208.792723080999,433.2200829392461,3515.187393253999,60.120457880968,8780.412034254809,298.38840071838564,0.11663536658653846,0.04726037826417885,0.2504500448703766,0.03714345768094063,0.19404973089694977,0.2661954164505005,0.49147358536720276,0.3906277120113373,0.3872930407524109,0.23167107999324799,0.19033075869083405,0.4304561913013458,0.39082154631614685,0.6870309114456177,0.39001038670539856,0.1393580436706543,151.99908088235293
76,rock_rock_artist2_06.wav,rock,rock_artist2,test,-1.4221223592758179,27.56325912475586,36.484954833984375,9.810505867004395,22.698497772216797,6.975837230682373,12.8463134765625,4.879550457000732,10.102046012878418,4.716495513916016,8.089618682861328,4.830190658569336,6.303829669952393,4.098167419433594,4.088986396789551,3.557741641998291,2.6364150047302246,3.5286502838134766,1.720491886138916,4.006724834442139,0.19114916026592255,4.285856246948242,-2.1875109672546387,5.21974515914917,-4.834320068359375,7.418688774108887,0.40482306480407715,5.558046340942383,-0.23114919662475586,1.7735209465026855,-0.1569780856370926,1.2531874179840088,-0.1371825486421585,0.8897573947906494,-0.07376483082771301,0.8407367467880249,-0.10620027780532837,0.8525096774101257,-0.0460883304476738,0.6189849376678467,-0.06508836150169373,0.610995352268219,-0.10801586508750916,0.7176085114479065,-0.07801562547683716,0.7397845387458801,-0.07480347156524658,0.7685506343841553,-0.06658846884965897,0.7796630859375,-0.1100986897945404,0.9868402481079102,4204.851869003476,413.2318500574819,3522.302125303618,61.59245680383103,8788.114295372596,261.2667381890891,0.12016977163461538,0.05186783332404852,0.2506272494792938,0.03864738717675209,0.29980358481407166,0.40263956785202026,0.6777147650718689,0.53957200050354,0.32413777709007263,0.1823870688676834,0.1537853181362152,0.3088202178478241,0.3530513346195221,0.7120634317398071,0.4057775139808655,0.18779708445072174,71.77734375
77,rock_rock_artist2_07.wav,rock,rock_artist2,train,-2.43180251121521,27.756868362426758,36.241031646728516,9.978437423706055,21.587736129760742,7.007554531097412,11.983838081359863,4.798385143280029,10.239982604980469,4.291317462921143,8.181352615356445,4.286752223968506,5.693356513977051,4.620798110961914,3.6123011112213135,3.7804505825042725,2.305964946746826,4.096304416656494,1.6839770078659058,4.006965637207031,0.18754202127456665,3.5217204093933105,-2.369582414627075,5.535036563873291,-5.308816432952881,7.451013565063477,0.6250768303871155,5.904231071472168,-0.3158521056175232,1.8582125902175903,-0.16148295998573303,1.2321405410766602,-0.07909537106752396,0.8785287737846375,-0.10959247499704361,0.8608397245407104,-0.08189000189304352,0.8481720685958862,-0.051961567252874374,0.8618746399879456,-0.03230234608054161,0.5865655541419983,-0.021590406075119972,0.7649013996124268,-0.0867600217461586,0.8386093378067017,-0.08975911140441895,0.5406977534294128,-0.1318923681974411,0.8505527973175049,-0.05955933779478073,0.9704906344413757,4199.442031774319,408.0985278392971,3522.835634074393,67.34319417553526,8781.985614483174,257.2446234807098,0.12107121394230769,0.047595386158073245,0.249623104929924,0.03551764786243439,0.2605695128440857,0.35122042894363403,0.6364341378211975,0.4943911135196686,0.3250581622123718,0.21205151081085205,0.18179944157600403,0.4029233455657959,0.3744864761829376,0.6420966386795044,0.37483319640159607,0.17161710560321808,151.99908088235293
78,rock_rock_artist2_08.wav,rock,rock_artist2,test,-3.540215015411377,27.178375244140625,33.80692672729492,9.533706665039062,18.64734649658203,6.0700273513793945,10.242403030395508,4.984637260437012,9.572378158569336,4.605734825134277,7.352243900299072,3.841653347015381,3.71104097366333,4.305929183959961,1.4973008632659912,4.1382012367248535,1.0747958421707153,4.186603546142578,1.0678596496582031,3.8386783599853516,-0.7183875441551208,3.8675081729888916,-4.562069416046143,5.376542091369629,-9.416418075561523,6.013623237609863,0.5953099727630615,5.859703063964844,-0.30967143177986145,1.8245747089385986,-0.1689818948507309,1.2151963710784912,-0.14572079479694366,1.0096163749694824,-0.10007967054843903,0.9153130650520325,-0.04530763998627663,0.7493864893913269,-0.09849635511636734,0.8432435989379883,-0.09926457703113556,0.8220317363739014,-0.08953586220741272,0.9061926007270813,-0.08611172437667847,0.8146004676818848,-0.10943611711263657,0.6939880847930908,-0.08749420195817947,0.7364782691001892,-0.10823258757591248,0.7491016387939453,4213.459496332874,417.6713274025806,3506.6723474850796,59.53603567859044,8771.301832932691,271.021146787029,0.11830303485576923,0.04786379612277088,0.2500612139701843,0.03657536208629608,0.07083459198474884,0.13440237939357758,0.3988935947418213,0.25314342975616455,0.3704926669597626,0.29198384284973145,0.263173907995224,0.6800687313079834,0.4615345299243927,0.5026679039001465,0.28207141160964966,0.0857468843460083,143.5546875
79,rock_rock_artist2_09.wav,rock,rock_artist2,test,-2.923907995223999,28.17997932434082,34.208595275878906,9.380270957946777,18.830486297607422,5.924376010894775,10.124752044677734,5.385464668273926,9.101401329040527,5.145663738250732,6.867223262786865,4.238949298858643,3.7637264728546143,4.0744194984436035,1.8362466096878052,4.303690433502197,0.9161667823791504,3.7019147872924805,-0.07071661204099655,3.947242021560669,-0.7404638528823853,4.4120097160339355,-3.8846538066864014,5.756554126739502,-9.441278457641602,5.885073661804199,0.5586174726486206,5.757551670074463,-0.30741265416145325,1.712116003036499,-0.15128761529922485,1.1234837770462036,-0.07101236283779144,1.0639249086380005,-0.12907667458057404,1.0490655899047852,-0.12239197641611099,0.8006646633148193,-0.11161091178655624,0.8522651195526123,-0.10663525015115738,0.950289785861969,-0.08751442283391953,0.7987233400344849,-0.07034646719694138,0.7801687121391296,-0.07673544436693192,0.833906888961792,-0.08584686368703842,0.9644106030464172,-0.017489813268184662,0.8579459190368652,4211.253761542178,416.36993028421534,3508.9937511702947,63.49143395785566,8776.93359375,276.3809899000658,0.11915940504807693,0.050221166912047886,0.25044211745262146,0.037521712481975555,0.07607505470514297,0.13597925007343292,0.38755369186401367,0.25035858154296875,0.3804357647895813,0.29181283712387085,0.2614706754684448,0.6773000359535217,0.45519083738327026,0.5100165009498596,0.28958064317703247,0.08937643468379974,71.77734375
80,rock_rock_artist3_00.wav,rock,rock_artist3,train,-10.481989860534668,30.72502326965332,40.24967956542969,10.136061668395996,27.929912567138672,6.372278690338135,16.734882354736328,4.072825908660889,11.614643096923828,3.371537685394287,10.426085472106934,3.4959516525268555,9.151410102844238,3.0671160221099854,6.463945388793945,3.471909761428833,4.6698455810546875,3.267164707183838,3.489738702774048,3.843528985977173,2.6901955604553223,3.737349510192871,1.7956124544143677,3.077319860458374,0.7598957419395447,3.102590322494507,-0.2184097170829773,6.767868518829346,-0.0728483647108078,2.0232093334198,-0.058585625141859055,1.2742838859558105,-0.048349685966968536,0.7639031410217285,-0.043172650039196014,0.6282456517219543,-0.055804427713155746,0.7240771055221558,-0.01587090827524662,0.5625605583190918,-0.015894711017608643,0.7040864825248718,-0.05396122857928276,0.6132117509841919,-0.07883908599615097,0.774285614490509,-0.0471407026052475,0.7057300806045532,-0.03380468860268593,0.5664435029029846,-0.032846808433532715,0.5584596991539001,4082.4546712156616,437.8612740218228,3542.663510023307,69.07130335163498,8706.619403545674,302.3137027864463,0.11187274639423077,0.04947730391251247,0.2453741729259491,0.036631666123867035,0.7215284109115601,0.642948567867279,0.6611276268959045,0.47293660044670105,0.15995237231254578,0.09925144165754318,0.16156914830207825,0.3647838830947876,0.3316943943500519,0.5156658291816711,0.4664044976234436,0.4028201699256897,75.99954044117646
81,rock_rock_artist3_01.wav,rock,rock_artist3,train,-11.56688117980957,30.3105411529541,39.773040771484375,10.026175498962402,29.786462783813477,7.034328460693359,18.82318878173828,5.048641681671143,13.260393142700195,3.691950798034668,10.870320320129395,3.7028989791870117,9.11235523223877,3.608883857727051,6.958882808685303,3.5157830715179443,5.368475914001465,3.2796239852905273,4.405500888824463,3.024054527282715,3.856837034225464,3.3883824348449707,2.9699363708496094,3.0036211013793945,2.0243754386901855,3.7248711585998535,-0.13590365648269653,6.648682117462158,0.006339102517813444,2.124551773071289,-0.09128784388303757,1.2762941122055054,-0.12258921563625336,0.8028615117073059,-0.10488349944353104,0.620438814163208,-0.025648202747106552,0.6533878445625305,0.01692631095647812,0.7252270579338074,-0.047309696674346924,0.6797678470611572,-0.10631882399320602,0.5679988265037537,-0.06872136145830154,0.48872947692871094,-0.06438428163528442,0.5163431763648987,-0.07537436485290527,0.4741464853286743,-0.10497518628835678,0.5666216611862183,4093.138943650955,424.77427714177776,3556.2041138029244,77.5057069123299,8738.339468149039,265.05354144865555,0.11431039663461538,0.05089853486479395,0.2444918155670166,0.03655487298965454,0.6765103936195374,0.6013672947883606,0.5484492778778076,0.3851770758628845,0.22261105477809906,0.24686862528324127,0.3285302221775055,0.6299344301223755,0.46150606870651245,0.43253856897354126,0.4217275083065033,0.39561596512794495,75.99954044117646
82,rock_rock_artist3_02.wav,rock,rock_artist3,test,-11.570928573608398,30.09244728088379,40.532257080078125,10.297489166259766,29.27867317199707,7.138115882873535,17.880535125732422,5.100566387176514,12.663294792175293,4.022190570831299,10.453727722167969,3.6791763305664062,9.083587646484375,3.3960654735565186,7.362273216247559,3.057166814804077,5.537962913513184,3.516707420349121,3.6997718811035156,3.8090744018554688,2.661693811416626,3.6441476345062256,1.8383293151855469,3.5609793663024902,1.021325945854187,3.1596994400024414,-0.3067818284034729,6.923739910125732,-0.05960052087903023,2.2227182388305664,-0.10691291838884354,1.414695382118225,-0.05548234283924103,0.824088454246521,-0.017535191029310226,0.6618270874023438,-0.05638866126537323,0.68791264295578,-0.03830957040190697,0.6217780113220215,-0.0491945706307888,0.5536410808563232,-0.06536262482404709,0.6209510564804077,-0.04952898994088173,0.6579511165618896,-0.004600960295647383,0.6802598237991333,-0.03943772241473198,0.6239938735961914,-0.055079422891139984,0.493278443813324,4079.546546477658,428.333101887399,3554.005557376737,71.31691004067979,8721.278545673076,266.9026227123703,0.11395733173076923,0.04783056964360236,0.2450091689825058,0.036710139364004135,0.5036640763282776,0.6128001809120178,0.7756519317626953,0.4623849093914032,0.2600526213645935,0.2494870126247406,0.3305248022079468,0.47345781326293945,0.4763147234916687,0.5741557478904724,0.3171195387840271,0.349486768245697,73.828125
83,rock_rock_artist3_03.wav,rock,rock_artist3,train,-12.240052223205566,31.368667602539062,40.15048599243164,9.632781982421875,31.250736236572266,7.16473913192749,19.940418243408203,4.802052021026611,14.076519012451172,3.74802827835083,11.514998435974121,3.423583507537842,9.620357513427734,3.0375704765319824,8.276901245117188,3.4386556148529053,6.814052104949951,3.51910138130188,4.543932914733887,3.252596855163574,4.051112651824951,3.0041136741638184,3.997476816177368,3.787090301513672,3.329948902130127,3.748544931411743,-0.3979869484901428,7.289552211761475,-0.00910359900444746,2.208446979522705,0.0887901708483696,1.513095498085022,0.05160040408372879,0.9096400141716003,-0.004443531855940819,0.6661178469657898,-0.0535050593316555,0.662449061870575,-0.04982445389032364,0.5679473280906677,-0.07040734589099884,0.581733763217926,-0.08074457198381424,0.6729665398597717,-0.03517753258347511,0.5364117622375488,-0.003528837114572525,0.6071503758430481,-0.05683538317680359,0.6414507627487183,-0.10615210235118866,0.7505918145179749,4083.184149230143,426.41363510440254,3566.0173914355255,76.9615448739477,8731.299767127404,275.0323415859251,0.11133188100961539,0.048197874220204,0.24552711844444275,0.03790770471096039,0.30129870772361755,0.5566807389259338,0.819983959197998,0.5207705497741699,0.44238415360450745,0.5044893622398376,0.6091217994689941,0.7604126930236816,0.6193278431892395,0.5107969045639038,0.2320851981639862,0.19695517420768738,73.828125
84,rock_rock_artist3_04.wav,rock,rock_artist3,test,-12.534111976623535,30.802553176879883,39.46446990966797,9.65906810760498,30.71994400024414,7.039106845855713,19.76141357421875,4.92006778717041,13.915005683898926,3.252016544342041,11.64246940612793,2.895092010498047,9.578572273254395,3.180192470550537,7.701224327087402,3.278639078140259,6.552256107330322,3.517390251159668,5.33125638961792,3.0055863857269287,4.771143436431885,3.3134191036224365,4.071631908416748,3.3709394931793213,2.930493116378784,3.0375537872314453,-0.3816477060317993,7.213415145874023,-0.04204805940389633,2.060056209564209,-0.02033967152237892,1.44819176197052,0.009321659803390503,0.9830686450004578,0.019780220463871956,0.6642615795135498,-0.031185520812869072,0.5107280611991882,-0.015426984056830406,0.5322871208190918,-0.005473058205097914,0.5735086798667908,-0.050202324986457825,0.6692865490913391,-0.07576858997344971,0.5476943254470825,-0.07074335962533951,0.6552801728248596,-0.043986476957798004,0.6511697173118591,-0.04324551299214363,0.52480149269104,4092.57047329612,426.27958984167253,3559.7929998882096,75.6563429469663,8735.357947716346,260.4454864361074,0.11110652043269231,0.04795298652748303,0.24437342584133148,0.03644762560725212,0.6257956027984619,0.5614869594573975,0.4880586862564087,0.33974897861480713,0.2724215090274811,0.36230024695396423,0.4636573791503906,0.8308728337287903,0.5617563724517822,0.3774966895580292,0.3804073631763458,0.3810904920101166,73.828125
85,rock_rock_artist3_05.wav,rock,rock_artist3,test,-10.825933456420898,30.79755973815918,39.76473617553711,9.843859672546387,28.172496795654297,6.092658042907715,16.91938591003418,3.92549204826355,12.36135482788086,3.6044580936431885,10.246209144592285,4.116245269775391,8.840566635131836,3.8994975090026855,6.769719123840332,3.3804819583892822,5.3534932136535645,3.2964673042297363,4.161693572998047,3.281586170196533,3.4581992626190186,3.3005032539367676,2.629467725753784,3.3842732906341553,1.6492356061935425,3.3402719497680664,-0.389150470495224,7.110880374908447,-0.007340255193412304,2.2046117782592773,-0.0391484759747982,1.3946499824523926,-0.032857369631528854,0.7722519636154175,-0.06225745752453804,0.6447116732597351,-0.0687648132443428,0.7767272591590881,-0.02997589111328125,0.7279813885688782,-0.06583953648805618,0.6193202137947083,-0.06399177014827728,0.654627799987793,-0.022046396508812904,0.6777849793434143,-0.029565205797553062,0.5750443339347839,-0.015773529186844826,0.6455249190330505,-0.043857041746377945,0.6302905678749084,4095.641757720957,436.58708831187636,3547.6970101093475,61.00557657175318,8731.548227163461,280.144931162203,0.11302208533653846,0.049938515803906375,0.24480244517326355,0.0375332348048687,0.8525316715240479,0.65632563829422,0.48110058903694153,0.2973971962928772,0.13220518827438354,0.10093624144792557,0.20819957554340363,0.5304762721061707,0.3729678690433502,0.410837858915329,0.48854172229766846,0.4844822287559509,75.99954044117646
86,rock_rock_artist3_06.wav,rock,rock_artist3,train,-12.755790710449219,30.803321838378906,39.84383010864258,9.681041717529297,30.383602142333984,6.51193380355835,19.21419334411621,5.103127956390381,13.479106903076172,3.78310227394104,11.152265548706055,3.521963357925415,9.408336639404297,3.37386417388916,7.1368255615234375,3.7019617557525635,5.556017875671387,3.6553170680999756,4.855901718139648,3.2070162296295166,3.9636597633361816,3.3743748664855957,2.9394619464874268,3.395766019821167,2.5482468605041504,3.4661731719970703,-0.43698084354400635,7.155384063720703,-0.051797058433294296,2.0330326557159424,-0.009158526547253132,1.222629427909851,0.016400931403040886,0.9035875797271729,-0.010079877451062202,0.7112633585929871,-0.04836280271410942,0.6332475543022156,-0.09327667951583862,0.6004865169525146,-0.013170575723052025,0.7371487021446228,-0.014546623453497887,0.6016008853912354,-0.006239751353859901,0.5503613352775574,-0.01747461035847664,0.5756727457046509,-0.008602004498243332,0.5946235656738281,0.022510623559355736,0.6366652250289917,4085.3566319502434,434.15110468221457,3561.6196352945362,68.58342487998807,8732.542067307691,278.4388604010334,0.113916015625,0.0481165720965447,0.24424639344215393,0.03598492220044136,0.49501171708106995,0.5759866833686829,0.6890711188316345,0.4254576563835144,0.3343406319618225,0.3701094388961792,0.5017890930175781,0.6952003240585327,0.5313895344734192,0.492077499628067,0.30900838971138,0.35026684403419495,75.99954044117646
87,rock_rock_artist3_07.wav,rock,rock_artist3,test,-11.394818305969238,30.28524398803711,40.358970642089844,10.016996383666992,29.50659942626953,6.5384392738342285,18.178329467773438,4.3523759841918945,13.034318923950195,3.9040005207061768,10.3651704788208,3.3827719688415527,8.752166748046875,3.4512135982513428,7.182143211364746,3.338214635848999,6.695488929748535,3.1021010875701904,4.752584457397461,3.79539155960083,3.6746909618377686,3.598428726196289,2.654033899307251,3.483383893966675,1.7513556480407715,3.404353380203247,-0.2717546224594116,6.903707504272461,-0.07007243484258652,2.165546417236328,-0.05308344215154648,1.3293399810791016,0.0017205770127475262,0.7538370490074158,-0.06889866292476654,0.6527495980262756,-0.03142599016427994,0.666529655456543,-0.05620355159044266,0.584828794002533,-0.08813225477933884,0.6301723122596741,-0.06728099286556244,0.6485551595687866,-0.047723688185214996,0.6946449279785156,-0.04865840822458267,0.6238200068473816,-0.0429723896086216,0.6548721790313721,-0.0284076277166605,0.6572779417037964,4086.7320933579663,439.0464016637611,3557.4753659447138,65.53912723866031,8739.25048828125,288.4183463704248,0.1142841045673077,0.050489186154637246,0.24384619295597076,0.03541284427046776,0.6394609808921814,0.5963258147239685,0.5932746529579163,0.4316825866699219,0.2347395271062851,0.2546370029449463,0.32316532731056213,0.5974096655845642,0.4575975239276886,0.46373268961906433,0.4117897152900696,0.37549883127212524,73.828125
88,rock_rock_artist3_08.wav,rock,rock_artist3,test,-12.451422691345215,30.670978546142578,40.1888542175293,9.880964279174805,30.1749267578125,6.533416748046875,19.532211303710938,4.957500457763672,14.092287063598633,3.4937217235565186,11.02309799194336,3.306087017059326,9.171001434326172,3.601496934890747,7.675899028778076,3.1337080001831055,6.728451251983643,3.482858419418335,5.265285968780518,3.601611852645874,3.611201763153076,3.3386247158050537,3.363568067550659,2.9641406536102295,2.9609248638153076,3.7314350605010986,-0.10506823658943176,6.54950475692749,-0.12262429296970367,2.0684432983398438,-0.06537038832902908,1.275315761566162,-0.031325552612543106,0.8790487051010132,-0.022658048197627068,0.6037998795509338,-0.06133425608277321,0.64900803565979,-0.04959521070122719,0.6281676888465881,-0.06099894270300865,0.5044502019882202,-0.08930031955242157,0.6860405206680298,-0.058433759957551956,0.6029430031776428,-0.04930365830659866,0.5208321809768677,-0.07578321546316147,0.49738508462905884,-0.06307002156972885,0.5917713642120361,4067.0449753436474,441.66430027837777,3557.5182695628628,70.67947398861025,8713.079364483174,287.9112972937705,0.11156099759615384,0.04748112814777378,0.2449778914451599,0.03647278621792793,0.4686512351036072,0.5688907504081726,0.7140368223190308,0.43988728523254395,0.354427695274353,0.39633849263191223,0.5144391655921936,0.6997510194778442,0.5486254096031189,0.49335697293281555,0.2951667904853821,0.3266037702560425,75.99954044117646
89,rock_rock_artist3_09.wav,rock,rock_artist3,train,-11.820466995239258,31.094572067260742,39.82391357421875,9.770337104797363,29.75541114807129,6.992086887359619,18.144969940185547,5.033719062805176,12.877571105957031,4.171266555786133,11.202529907226562,3.344630718231201,9.59727668762207,3.0502309799194336,7.423384666442871,3.158937692642212,5.336152076721191,3.567927360534668,4.157261371612549,3.3235299587249756,3.252291679382324,3.466555118560791,2.5100371837615967,3.436445713043213,1.9752141237258911,3.0217347145080566,-0.3112429976463318,6.860883712768555,-0.05517284572124481,2.091369867324829,-0.04910428822040558,1.3926829099655151,-0.02077576145529747,0.904354989528656,-0.012793639674782753,0.712631106376648,-0.10510727018117905,0.5721389055252075,-0.043613288551568985,0.5152884125709534,-0.03765678405761719,0.5834456086158752,-0.0034358648117631674,0.632260799407959,-0.022446412593126297,0.6020009517669678,-0.012075263075530529,0.7295128703117371,-0.05016389861702919,0.6665117144584656,-0.017837531864643097,0.49176111817359924,4092.4459161151676,425.4909836158428,3557.2018830789843,72.62155189288835,8732.542067307691,274.36433781115534,0.11174879807692308,0.04801901572422497,0.24545897543430328,0.03718695417046547,0.6851900815963745,0.6175681352615356,0.567588210105896,0.39317843317985535,0.21436303853988647,0.2218276709318161,0.29892969131469727,0.5868930816650391,0.44579631090164185,0.4529879689216614,0.4294625520706177,0.39635613560676575,75.99954044117646
90,jazz_jazz_artist1_00.wav,jazz,jazz_artist1,train,-299.2018737792969,147.5629425048828,117.60691833496094,50.42489242553711,19.122705459594727,28.204896926879883,-31.631467819213867,18.051523208618164,-23.603958129882812,17.060579299926758,-7.680122375488281,9.333052635192871,-8.503536224365234,15.320241928100586,-17.937313079833984,10.625239372253418,-23.190824508666992,11.810141563415527,-20.259702682495117,9.536105155944824,-13.022320747375488,8.058109283447266,-12.881770133972168,8.34292984008789,-19.087936401367188,9.388028144836426,0.6050276756286621,38.25608444213867,0.10387209057807922,10.389547348022461,-0.34105417132377625,5.172264099121094,-0.01944720931351185,4.022038459777832,0.11177878826856613,3.4749600887298584,-0.06901529431343079,1.4140266180038452,-0.1760568916797638,2.816433906555176,0.0006922153406776488,2.1916773319244385,0.11559177935123444,2.752042770385742,0.0046639954671263695,1.8997540473937988,-0.043540772050619125,1.499865174293518,-0.015345003455877304,1.559106707572937,0.045085608959198,2.1717453002929688,1410.6493809420458,1168.3700129179601,1389.627650605273,1274.400173912796,2942.098106971154,2928.6856915187054,0.03780799278846154,0.018603741226874675,0.21123552322387695,0.02088102512061596,0.2848217785358429,0.1717093586921692,0.12406831979751587,0.09000052511692047,0.08671136200428009,0.10115170478820801,0.2242533415555954,0.1555415242910385,0.20667800307273865,0.364646315574646,0.3476470112800598,0.3749988377094269,184.5703125
91,jazz_jazz_artist1_01.wav,jazz,jazz_artist1,train,-302.2781982421875,147.6935577392578,110.89369201660156,50.37870407104492,10.216819763183594,29.136728286743164,-33.21614074707031,18.833311080932617,-18.86066436767578,16.27320671081543,-6.896085739135742,9.659899711608887,-14.074389457702637,16.082094192504883,-20.39950180053711,12.703882217407227,-20.108200073242188,10.955103874206543,-17.86613655090332,10.948787689208984,-15.896687507629395,8.78458309173584,-15.319046020507812,9.290121078491211,-18.245075225830078,9.426392555236816,0.21807719767093658,38.61651611328125,-0.22943754494190216,10.783038139343262,-0.09084968268871307,4.98210334777832,0.05344443768262863,4.343795299530029,0.04179854691028595,3.0916831493377686,-0.050689779222011566,1.605656385421753,-0.05301253870129585,2.8363261222839355,0.06863541901111603,2.72257924079895,0.10231169313192368,2.4202237129211426,0.05992455035448074,2.1841135025024414,-0.03094681166112423,1.5452162027359009,0.08786024898290634,1.9347178936004639,0.06260546296834946,2.1180224418640137,1460.5999303274166,1171.6246593097965,1389.5629352783185,1275.877046042046,3105.2535306490386,2927.5376937149304,0.03972355769230769,0.0192073180187027,0.21440130472183228,0.026282357051968575,0.2319972962141037,0.24689753353595734,0.2353193759918213,0.16338975727558136,0.11722202599048615,0.10591250658035278,0.2178318202495575,0.22419780492782593,0.1768224686384201,0.3142629861831665,0.2690578103065491,0.17947454750537872,184.5703125
92,jazz_jazz_artist1_02.wav,jazz,jazz_artist1,test,-298.2939147949219,145.71072387695312,109.14673614501953,52.41267776489258,5.858128070831299,28.7657527923584,-35.02783966064453,17.337261199951172,-17.57076644897461,15.863473892211914,-6.149147987365723,8.203714370727539,-15.37883186340332,15.968023300170898,-20.960079193115234,11.555231094360352,-18.885082244873047,11.313103675842285,-17.63115692138672,9.447906494140625,-16.676959991455078,10.385251998901367,-15.506330490112305,9.21827507019043,-16.03114128112793,9.40948486328125,-0.6750137209892273,37.42986297607422,1.0199946165084839,10.587376594543457,-0.14092276990413666,4.356819152832031,-0.2897072732448578,3.765084743499756,-0.05387391895055771,2.80975079536438,0.0790155678987503,1.1724600791931152,-0.09620631486177444,2.5772275924682617,-0.1963861733675003,2.2154111862182617,0.003097574459388852,2.265437126159668,0.09700748324394226,1.8425846099853516,-0.049995582550764084,1.852095365524292,-0.19050849974155426,1.7130416631698608,-0.05272120609879494,1.924639105796814,1445.826468550154,1152.64398225588,1381.0066179005705,1231.8285177132836,2998.9954552283652,2880.12222311856,0.04098182091346154,0.02036919337091242,0.21506518125534058,0.020913366228342056,0.26450198888778687,0.11187072843313217,0.08756538480520248,0.13937966525554657,0.3107755184173584,0.26899611949920654,0.19626641273498535,0.12640272080898285,0.08482106029987335,0.21831382811069489,0.2643604576587677,0.3540758788585663,95.703125
93,jazz_jazz_artist1_03.wav,jazz,jazz_artist1,train,-299.8572082519531,147.1163787841797,107.6269760131836,53.277034759521484,6.435737133026123,29.199256896972656,-33.751731872558594,17.816326141357422,-17.667848587036133,15.920621871948242,-7.1920623779296875,11.102916717529297,-14.066704750061035,14.65601921081543,-20.1977481842041,12.637150764465332,-20.479930877685547,10.502681732177734,-17.32126808166504,10.594581604003906,-13.930006980895996,8.238546371459961,-16.99211311340332,10.099848747253418,-21.217283248901367,9.946231842041016,0.7098055481910706,38.491546630859375,0.5112735033035278,10.012097358703613,0.3580680191516876,4.774213790893555,0.11567893624305725,3.890117883682251,-0.08082624524831772,2.624692440032959,0.10245075821876526,1.788460373878479,0.19427631795406342,2.6453304290771484,0.032240428030490875,2.4948806762695312,-0.0021766514983028173,2.2348921298980713,0.021515214815735817,2.059871196746826,0.0015275735640898347,1.639985203742981,0.03612230718135834,2.128113269805908,0.12635454535484314,2.256685256958008,1462.7042331136925,1182.2179587136495,1383.6310774316792,1227.4183116098318,2955.5977689302886,2863.872187504502,0.040350811298076925,0.01859546496600971,0.2157251387834549,0.022433580830693245,0.2536090910434723,0.19307757914066315,0.21627983450889587,0.18458575010299683,0.20334117114543915,0.08501001447439194,0.06556351482868195,0.1008998304605484,0.2068878710269928,0.38202163577079773,0.24642668664455414,0.24062079191207886,184.5703125
94,jazz_jazz_artist1_04.wav,jazz,jazz_artist1,test,-316.304931640625,143.53004455566406,104.32398223876953,47.77500915527344,-4.108314037322998,28.61402702331543,-36.1553955078125,17.543943405151367,-11.805328369140625,15.385580062866211,-7.215832710266113,9.099054336547852,-21.68708610534668,16.821611404418945,-22.366451263427734,11.359319686889648,-17.48423194885254,9.229878425598145,-19.537879943847656,10.306970596313477,-18.99407958984375,9.83220100402832,-16.002849578857422,8.491435050964355,-18.55208969116211,9.060687065124512,-1.2394278049468994,37.075836181640625,0.6813110709190369,9.609722137451172,-0.40808600187301636,4.602145195007324,-0.22192427515983582,3.782870292663574,0.16808754205703735,2.5884175300598145,0.042739368975162506,1.492006540298462,-0.20471693575382233,2.965191602706909,-0.08469963073730469,2.176002264022827,0.013119286857545376,1.8144423961639404,-0.08373997360467911,2.017477035522461,-0.09955836087465286,2.0565240383148193,-0.03779245540499687,1.5997421741485596,-0.09102579206228256,1.734647274017334,1430.5458677502988,1111.3871880645197,1315.9762229320695,1183.917781493549,2878.8236177884614,2736.5693110846937,0.040448467548076926,0.01680761592023722,0.20557209849357605,0.020670371130108833,0.12231231480836868,0.18101085722446442,0.23697003722190857,0.15988250076770782,0.09101895987987518,0.1080668643116951,0.3177282512187958,0.35375353693962097,0.20729106664657593,0.24705420434474945,0.20459097623825073,0.11388043314218521,89.10290948275862
95,jazz_jazz_artist1_05.wav,jazz,jazz_artist1,train,-304.7252502441406,144.92398071289062,107.32447052001953,51.09394454956055,2.884521007537842,27.248167037963867,-36.3952522277832,17.00808334350586,-15.581562042236328,14.82889461517334,-5.334137916564941,9.21747875213623,-16.745071411132812,15.573490142822266,-22.547433853149414,11.87567138671875,-18.28739356994629,10.255130767822266,-16.26671028137207,9.20154094696045,-17.584274291992188,10.573274612426758,-17.77670669555664,8.384023666381836,-17.08837127685547,10.117987632751465,-0.6645327210426331,37.46698760986328,0.560257077217102,10.180922508239746,0.2878052592277527,3.8162100315093994,0.016225755214691162,3.828007936477661,-0.121564120054245,2.541905641555786,-0.06169445440173149,1.3557289838790894,0.10632985830307007,2.478193759918213,0.08884263038635254,2.3447940349578857,-0.03753043711185455,2.0842807292938232,-0.0796256735920906,1.5935684442520142,-0.026425801217556,2.0699586868286133,0.0557403564453125,1.6330900192260742,-0.006229991093277931,1.9638925790786743,1430.2807400876063,1160.9825168972611,1328.5520374453188,1223.4692617175203,2932.905085637019,2856.8104275769015,0.039806189903846156,0.017941131840100568,0.22144244611263275,0.022143175825476646,0.2742232084274292,0.16645781695842743,0.08749657869338989,0.20001238584518433,0.37298792600631714,0.22055628895759583,0.16688941419124603,0.14467741549015045,0.14917925000190735,0.2150556892156601,0.1476437747478485,0.2060435712337494,184.5703125
96,jazz_jazz_artist1_06.wav,jazz,jazz_artist1,test,-301.6080017089844,146.77708435058594,116.69840240478516,48.09444808959961,12.977954864501953,22.282411575317383,-36.5136833190918,18.152162551879883,-21.09416389465332,14.110980033874512,-2.9536571502685547,9.43111801147461,-9.657073020935059,13.448294639587402,-23.335918426513672,11.537205696105957,-24.78333854675293,10.876733779907227,-14.717019081115723,9.533063888549805,-10.96666145324707,8.206942558288574,-17.317913055419922,9.793522834777832,-21.748329162597656,9.708949089050293,-0.002360651968047023,38.336368560791016,0.11518953740596771,10.012528419494629,-0.04805827513337135,3.6067004203796387,-0.09282183647155762,4.227412700653076,-0.0587996244430542,2.8936870098114014,0.04095377400517464,1.4875987768173218,0.012780454009771347,2.4386892318725586,-0.06247226893901825,2.631568670272827,-0.05217728391289711,2.478937864303589,0.037424176931381226,1.8595893383026123,-0.000483377167256549,1.6161729097366333,-0.034617241472005844,2.089498996734619,-0.057491641491651535,2.316356897354126,1388.332157477046,1149.5021035155612,1336.116587641802,1254.9175015782835,2898.2035006009614,2865.7875052474355,0.03802208533653846,0.01801622819730308,0.22162820398807526,0.022573400288820267,0.4072607159614563,0.28593727946281433,0.2562456727027893,0.16710783541202545,0.13398467004299164,0.07708076387643814,0.10415831208229065,0.08683996647596359,0.07412722706794739,0.19983282685279846,0.2593998312950134,0.41083890199661255,184.5703125
97,jazz_jazz_artist1_07.wav,jazz,jazz_artist1,train,-306.7918395996094,146.86798095703125,103.30229949951172,51.52024841308594,-0.5451547503471375,35.00174331665039,-32.11052703857422,16.956789016723633,-14.759281158447266,18.057523727416992,-12.167031288146973,11.463716506958008,-18.928556442260742,17.273374557495117,-17.736858367919922,11.26425838470459,-19.24431037902832,9.430839538574219,-21.395830154418945,11.833335876464844,-16.436662673950195,7.025196075439453,-15.923812866210938,9.557085990905762,-21.592395782470703,9.960136413574219,-0.430511474609375,38.251678466796875,0.44546109437942505,9.85030746459961,0.2536573112010956,5.112801551818848,-0.1089327335357666,3.7779152393341064,-0.1550268530845642,2.898195505142212,0.05583658814430237,1.9857289791107178,0.08904514461755753,2.8252601623535156,-0.05518476665019989,2.2236135005950928,-0.11013167351484299,1.7999969720840454,0.012298510409891605,2.4584271907806396,0.03126991167664528,1.4352458715438843,-0.010664595291018486,1.9789165258407593,0.004878057166934013,2.124269962310791,1467.6802936486936,1145.4981691298551,1350.7232473647252,1212.2713471963211,3005.041316105769,2814.569554796332,0.040794020432692306,0.01814279745321145,0.22091448307037354,0.022174984216690063,0.14528745412826538,0.14968623220920563,0.20141568779945374,0.12995371222496033,0.12972678244113922,0.044494953006505966,0.07415807992219925,0.19069471955299377,0.32314035296440125,0.5545263886451721,0.2970423698425293,0.14504548907279968,184.5703125
98,jazz_jazz_artist1_08.wav,jazz,jazz_artist1,test,-302.0391845703125,148.06118774414062,111.08550262451172,51.78718948364258,7.614299297332764,32.5963134765625,-33.42427444458008,18.104141235351562,-17.249267578125,18.360454559326172,-7.078117370605469,6.798951625823975,-15.89853286743164,18.542936325073242,-19.25901985168457,10.536084175109863,-18.389877319335938,11.805879592895508,-20.01982307434082,10.233314514160156,-16.89497184753418,10.377433776855469,-11.279131889343262,7.662994384765625,-17.117826461791992,8.407125473022461,0.4179856479167938,38.3262939453125,0.3497856855392456,10.347819328308105,-0.3536333441734314,4.5439772605896,-0.17926548421382904,3.853104829788208,-0.005434916354715824,3.0540273189544678,-0.06150687858462334,1.2056097984313965,-0.15451163053512573,2.80918550491333,-0.0346037931740284,1.9739267826080322,0.0570460669696331,2.3849780559539795,-0.02732454426586628,2.183014392852783,-0.024594485759735107,2.0808796882629395,0.008045951835811138,1.427236557006836,0.033807359635829926,1.8881478309631348,1439.3674666323163,1149.4260759422516,1373.2881341785892,1228.428122140308,2967.606670673077,2839.20537167555,0.04066256009615385,0.019611184776712837,0.21798837184906006,0.021789083257317543,0.15275093913078308,0.15565742552280426,0.15707330405712128,0.08688493818044662,0.08235862851142883,0.15299579501152039,0.3720698654651642,0.3433600068092346,0.22479215264320374,0.24374011158943176,0.223292738199234,0.21857807040214539,184.5703125
99,jazz_jazz_artist1_09.wav,jazz,jazz_artist1,test,-320.1370849609375,145.05860900878906,107.99944305419922,50.84148406982422,1.6708942651748657,28.335824966430664,-36.063385009765625,17.516651153564453,-15.244867324829102,15.67243480682373,-5.929588794708252,9.723176956176758,-17.585832595825195,15.675199508666992,-23.11519432067871,12.381206512451172,-18.795177459716797,10.347168922424316,-16.959274291992188,10.465803146362305,-16.73689079284668,10.139680862426758,-17.390050888061523,9.265154838562012,-19.676727294921875,9.598786354064941,-1.1400578022003174,37.412174224853516,0.49465084075927734,10.176680564880371,-0.3228493332862854,4.179725170135498,-0.13978150486946106,3.952815294265747,0.07279334217309952,2.669877529144287,-0.013882417231798172,1.7180551290512085,-0.15095125138759613,2.505676031112671,-0.07436847686767578,2.5436129570007324,-0.008209624327719212,2.110030174255371,-0.09492424875497818,2.067481517791748,-0.12382281571626663,1.7016421556472778,-0.05905953049659729,2.032738447189331,-0.09736546874046326,1.7566783428192139,1416.3397056385563,1134.2960835019694,1312.27063058896,1198.9830569664243,2862.508075420673,2773.4128998206,0.0390625,0.0172530411811185,0.19543348252773285,0.01978304237127304,0.22153280675411224,0.22030285000801086,0.22718165814876556,0.1539694368839264,0.1699870377779007,0.14339852333068848,0.22356563806533813,0.2381867617368698,0.2080780267715454,0.25432389974594116,0.14942874014377594,0.17179334163665771,89.10290948275862
100,jazz_jazz_artist2_00.wav,jazz,jazz_artist2,test,-283.6941223144531,142.93838500976562,124.10576629638672,62.04923629760742,23.77538299560547,37.952056884765625,-29.17507553100586,21.19904136657715,-22.224475860595703,20.646503448486328,-10.381837844848633,10.409575462341309,-12.08060359954834,18.316204071044922,-14.29737377166748,14.242856979370117,-17.944307327270508,10.856021881103516,-21.53743553161621,10.431328773498535,-18.39265251159668,10.974747657775879,-11.197068214416504,8.048396110534668,-12.553699493408203,9.144156455993652,0.6444402933120728,38.847171783447266,0.1825883984565735,12.969064712524414,0.1684265434741974,5.616873264312744,0.08196473866701126,4.4311842918396,-0.04046474024653435,3.97694993019104,-0.04814379662275314,1.8724321126937866,-0.002262907801195979,2.7427477836608887,0.039132583886384964,2.538220167160034,0.021508444100618362,2.3296778202056885,-0.0042784688994288445,2.3263721466064453,-0.041407883167266846,2.3500826358795166,-0.1175159364938736,1.417436957359314,-0.00423177657648921,1.8377327919006348,1441.0859223071418,1157.6105968109002,1454.4748527509007,1299.6901435183759,3100.449969951923,2982.773447828944,0.036714993990384616,0.01680415573005548,0.21118894219398499,0.019955914467573166,0.14721806347370148,0.12157844007015228,0.14973172545433044,0.14925527572631836,0.23120446503162384,0.25872886180877686,0.30991557240486145,0.416215717792511,0.3405287563800812,0.2826996147632599,0.2214978188276291,0.1850397139787674,103.359375
101,jazz_jazz_artist2_01.wav,jazz,jazz_artist2,test,-277.357666015625,143.96920776367188,125.51297760009766,60.994224548339844,23.157604217529297,31.21968650817871,-31.283315658569336,22.814990997314453,-23.814777374267578,17.532360076904297,-6.529623508453369,11.581472396850586,-9.956738471984863,14.483592987060547,-18.998504638671875,15.386021614074707,-20.27685546875,11.490812301635742,-16.99882698059082,10.103496551513672,-15.72253131866455,9.890188217163086,-15.103153228759766,9.531885147094727,-15.577142715454102,10.795197486877441,-1.3721959590911865,38.041168212890625,0.7811968922615051,13.159890174865723,0.11372602730989456,5.246909141540527,-0.08588102459907532,4.772367000579834,-0.16002891957759857,3.5207419395446777,-0.024241993203759193,2.291883707046509,0.08371754735708237,2.4003875255584717,-0.014381151646375656,3.1319708824157715,-0.12771648168563843,2.3776695728302,-0.12469001114368439,2.2108495235443115,0.02018413506448269,1.9737921953201294,0.02027082070708275,1.7933545112609863,-0.07749969512224197,2.338796615600586,1431.1026931908013,1162.8273919497713,1459.656102198377,1286.9311159380636,3044.463641826923,2968.912148540249,0.03619666466346154,0.01595513847455984,0.2193225920200348,0.021365761756896973,0.2857169508934021,0.2643243670463562,0.26979294419288635,0.16759012639522552,0.1708175390958786,0.19863757491111755,0.2542462646961212,0.30304282903671265,0.23713716864585876,0.22575202584266663,0.18027126789093018,0.23536497354507446,103.359375
102,jazz_jazz_artist2_02.wav,jazz,jazz_artist2,test,-283.7154541015625,143.2494659423828,125.82337188720703,63.0532112121582,22.920379638671875,29.894914627075195,-32.647640228271484,19.724477767944336,-24.099613189697266,18.63717269897461,-5.6665358543396,7.63128662109375,-8.37893295288086,15.627638816833496,-17.660343170166016,13.884810447692871,-21.32659912109375,12.218796730041504,-19.328630447387695,9.463598251342773,-15.250699043273926,9.242840766906738,-12.16336727142334,9.386059761047363,-14.694060325622559,9.298473358154297,-2.8868727684020996,38.355247497558594,1.2506769895553589,14.170330047607422,-0.5636839866638184,4.562885761260986,-0.3710988759994507,4.353065490722656,0.21485859155654907,3.6062076091766357,-0.03686991333961487,1.2941558361053467,-0.31174004077911377,2.4333879947662354,-0.0645008385181427,2.4648239612579346,-0.006644219625741243,2.709782361984253,-0.18349717557430267,1.9432556629180908,-0.14060497283935547,1.6085608005523682,0.02956150472164154,1.547247052192688,-0.07839293777942657,1.8638240098953247,1434.0956902143162,1170.8970258200704,1448.1837237059665,1295.7994049385723,3058.046123798077,2984.6872880588903,0.03557316706730769,0.015120124028329164,0.21246860921382904,0.019672628492116928,0.26506611704826355,0.21584662795066833,0.16172020137310028,0.13263185322284698,0.18318402767181396,0.24942703545093536,0.19739565253257751,0.19995422661304474,0.24637286365032196,0.3559752404689789,0.34185081720352173,0.2619262933731079,107.666015625
103,jazz_jazz_artist2_03.wav,jazz,jazz_artist2,train,-284.7300109863281,143.7406005859375,125.46788024902344,61.834930419921875,21.1506404876709,30.050477981567383,-33.0661506652832,22.0562801361084,-23.11572265625,18.015235900878906,-6.006751537322998,8.768747329711914,-9.804961204528809,15.822107315063477,-18.77288818359375,14.262746810913086,-20.147974014282227,12.076093673706055,-17.76974868774414,10.831255912780762,-15.671198844909668,9.820830345153809,-14.764843940734863,10.505996704101562,-16.0905704498291,8.220362663269043,-0.9738832712173462,38.05990982055664,0.9086599349975586,13.203315734863281,0.20091482996940613,4.545681953430176,0.04879772663116455,4.742884635925293,-0.09402480721473694,3.461731195449829,0.021610034629702568,1.7322231531143188,0.17043501138687134,2.7449166774749756,0.09007128328084946,2.964980125427246,-0.01693226583302021,2.5028111934661865,-0.02124689519405365,2.1655163764953613,0.11939702928066254,1.9653786420822144,0.10330558568239212,2.1264054775238037,0.023126419633626938,1.7911121845245361,1437.995446798145,1164.310967482395,1464.258617209911,1290.2277151298558,3050.3438626802886,2988.559656325446,0.03639573317307692,0.016103735181074257,0.2068142592906952,0.019950732588768005,0.1394515037536621,0.16545997560024261,0.2073175460100174,0.1790686696767807,0.23404279351234436,0.20692427456378937,0.20336633920669556,0.23874439299106598,0.2725127041339874,0.34771928191185,0.33687445521354675,0.23668695986270905,103.359375
104,jazz_jazz_artist2_04.wav,jazz,jazz_artist2,train,-278.117431640625,142.2676544189453,130.2471923828125,64.24187469482422,26.587976455688477,26.53121566772461,-32.803321838378906,20.338523864746094,-26.07853126525879,17.81427001953125,-5.740516185760498,10.006989479064941,-5.955716609954834,14.133235931396484,-18.60700035095215,11.615829467773438,-23.07576560974121,11.83804988861084,-18.417293548583984,11.278179168701172,-12.802037239074707,9.408522605895996,-11.742666244506836,8.037957191467285,-16.85262680053711,9.663775444030762,0.13858571648597717,38.24151611328125,0.5458261966705322,13.335680961608887,-0.13880033791065216,4.826704025268555,-0.23441475629806519,4.486856460571289,0.08062829077243805,3.7827579975128174,0.15152311325073242,1.7491141557693481,-0.034616973251104355,2.515749931335449,-0.02513784170150757,2.4710752964019775,0.03322561830282211,2.8452162742614746,0.06625081598758698,2.53942608833313,0.06491117179393768,1.5714473724365234,-0.03295736759901047,1.6563823223114014,0.006940394174307585,2.045092821121216,1420.9493813029078,1168.1845166643238,1447.4713228769122,1310.3211987609295,3042.972881610577,3018.3556481976852,0.03558819110576923,0.016115402073900612,0.21779413521289825,0.02148478478193283,0.3385021984577179,0.2618994414806366,0.15970000624656677,0.13006730377674103,0.19002743065357208,0.16919805109500885,0.14086462557315826,0.2574363946914673,0.3172529637813568,0.35363978147506714,0.3147351145744324,0.29276585578918457,103.359375
105,jazz_jazz_artist2_05.wav,jazz,jazz_artist2,train,-293.98858642578125,144.53887939453125,127.74696350097656,61.91725540161133,27.00987434387207,31.582889556884766,-30.33416748046875,21.9401798248291,-24.744766235351562,18.653907775878906,-6.711226940155029,11.252642631530762,-8.157464027404785,14.537229537963867,-16.76275634765625,14.270854949951172,-19.571063995361328,12.43680477142334,-18.404949188232422,10.060121536254883,-16.642333984375,11.445340156555176,-14.141494750976562,7.814067363739014,-13.122599601745605,9.472116470336914,-0.6933213472366333,38.03242874145508,0.33721667528152466,13.00520133972168,-0.20697250962257385,5.400737762451172,-0.0901455357670784,4.612392902374268,0.07478354871273041,3.7777154445648193,0.19077283143997192,2.3103487491607666,-0.012366115115582943,2.5074336528778076,-0.1694362312555313,2.8380320072174072,-0.07046755403280258,2.4463319778442383,0.07468380033969879,2.252603054046631,0.0641912892460823,2.366924524307251,-0.03298305720090866,1.3702585697174072,-0.11810310184955597,1.9293569326400757,1425.8901996478917,1156.3124859461766,1472.3663859477927,1300.9746777958496,3076.01806640625,2988.4345228265065,0.03574594350961539,0.016223501252585853,0.1829899102449417,0.017551694065332413,0.24888889491558075,0.1733955442905426,0.16023944318294525,0.14161179959774017,0.2565005123615265,0.3040022850036621,0.25613081455230713,0.2524442672729492,0.24512487649917603,0.27914220094680786,0.2608867585659027,0.2597813606262207,103.359375
106,jazz_jazz_artist2_06.wav,jazz,jazz_artist2,test,-282.8970947265625,143.37672424316406,119.01322937011719,57.642730712890625,13.268037796020508,31.106853485107422,-33.682430267333984,22.497089385986328,-18.531667709350586,18.246606826782227,-5.951376438140869,9.244039535522461,-14.548444747924805,17.019365310668945,-20.571199417114258,13.90141773223877,-17.745624542236328,11.535008430480957,-18.080760955810547,9.216537475585938,-18.458194732666016,11.935919761657715,-14.501585006713867,8.208646774291992,-13.022708892822266,9.101804733276367,-2.5683603286743164,38.179080963134766,1.2659422159194946,12.554265975952148,0.10023524612188339,4.8840131759643555,-0.3659548759460449,4.6269989013671875,-0.3426525592803955,3.45479679107666,-0.01630251295864582,1.5862159729003906,0.07834705710411072,3.060645341873169,-0.08901913464069366,2.505540609359741,-0.216786190867424,2.1783366203308105,-0.20538204908370972,2.024299383163452,-0.04731900244951248,2.4965028762817383,0.029400495812296867,1.432078242301941,-0.08598316460847855,1.7136197090148926,1463.823872171,1131.8668128165557,1478.6472527069204,1269.7419767173812,3108.731971153846,2922.9655519400567,0.03694786658653846,0.01501377212713276,0.207977756857872,0.019580548629164696,0.22746042907238007,0.1717267483472824,0.17686060070991516,0.12827515602111816,0.2615124583244324,0.3840324878692627,0.26491957902908325,0.21091383695602417,0.17543627321720123,0.22875940799713135,0.2447383850812912,0.228006973862648,107.666015625
107,jazz_jazz_artist2_07.wav,jazz,jazz_artist2,test,-280.3507995605469,140.93443298339844,126.41947174072266,62.717063903808594,24.690868377685547,31.138681411743164,-30.498870849609375,22.80575180053711,-24.203752517700195,17.233062744140625,-7.154348373413086,12.923334121704102,-9.865035057067871,13.574081420898438,-19.482337951660156,15.334606170654297,-19.219711303710938,10.485061645507812,-16.033090591430664,10.768074989318848,-17.409162521362305,11.214377403259277,-16.29361343383789,8.748640060424805,-13.54941463470459,9.63056755065918,0.5731029510498047,38.0979118347168,0.4094901978969574,12.852681159973145,-0.14428269863128662,5.040116786956787,-0.05247673764824867,4.775378704071045,0.1413746178150177,3.655308723449707,0.04880258068442345,2.43058705329895,-0.019336136057972908,2.33980131149292,0.005589901469647884,2.7871947288513184,0.07431178539991379,2.4264228343963623,0.0854419618844986,2.4276583194732666,-0.03410065174102783,2.3194217681884766,-0.07240252196788788,1.5955969095230103,0.0028637005016207695,1.985478401184082,1409.7359147687057,1145.569456297808,1431.8309114504802,1284.9191304656176,3032.95166015625,2954.584316570678,0.03584359975961538,0.01585080604052413,0.2107461839914322,0.020021041855216026,0.23960821330547333,0.23626650869846344,0.2796156108379364,0.22250929474830627,0.26804983615875244,0.30803051590919495,0.25774508714675903,0.23452699184417725,0.20519296824932098,0.21456271409988403,0.16541986167430878,0.17951026558876038,103.359375
108,jazz_jazz_artist2_08.wav,jazz,jazz_artist2,train,-282.22607421875,143.2695770263672,116.12503051757812,59.0220947265625,6.5799407958984375,30.212257385253906,-36.75955581665039,21.644485473632812,-16.027219772338867,16.259593963623047,-5.2881669998168945,10.012351989746094,-18.600217819213867,15.806437492370605,-22.651649475097656,14.682958602905273,-16.639694213867188,9.91303539276123,-16.213552474975586,10.168152809143066,-19.00684356689453,10.98415470123291,-17.507068634033203,10.134378433227539,-15.165949821472168,9.46077823638916,0.6518868207931519,39.014739990234375,0.15491461753845215,12.1221342086792,-0.07710729539394379,5.004949569702148,-0.1093137264251709,4.485743999481201,-0.04504844546318054,2.9721906185150146,-0.05187729746103287,1.5331287384033203,-0.07015059888362885,2.931877851486206,-0.0037044964265078306,2.9047536849975586,0.019838647916913033,2.0981860160827637,-0.06181883439421654,1.8253848552703857,-0.06914595514535904,2.464496374130249,0.06527625024318695,2.001459836959839,0.07415533810853958,1.8934693336486816,1482.6883001564397,1129.9840083982433,1454.3188226929278,1259.2158764996132,3135.317195012019,2899.6822406309893,0.03910006009615385,0.015849408195161837,0.21497665345668793,0.02017015404999256,0.1711333692073822,0.2018977701663971,0.26354295015335083,0.23640725016593933,0.273897260427475,0.24944913387298584,0.241949200630188,0.29198089241981506,0.22194649279117584,0.1768878996372223,0.1333688646554947,0.16520975530147552,103.359375
109,jazz_jazz_artist2_09.wav,jazz,jazz_artist2,train,-281.2328796386719,141.3937530517578,129.9042205810547,64.06668853759766,30.70174217224121,35.91313171386719,-27.531644821166992,22.887357711791992,-25.052303314208984,17.59398651123047,-9.915913581848145,12.958711624145508,-9.069592475891113,13.795103073120117,-13.636767387390137,17.373369216918945,-14.948509216308594,9.438634872436523,-18.282873153686523,9.936942100524902,-19.964996337890625,10.346643447875977,-15.351096153259277,9.623710632324219,-10.059471130371094,9.067232131958008,-0.1531572788953781,37.570335388183594,0.6972545385360718,13.404423713684082,0.2777405381202698,6.442686557769775,-0.026606956496834755,4.273103713989258,-0.16400739550590515,3.786332845687866,-0.05199486017227173,2.4622292518615723,0.14652706682682037,2.816068172454834,0.11880207061767578,3.2106432914733887,-0.04975276440382004,1.9324769973754883,-0.08719751983880997,2.2642626762390137,0.052794359624385834,2.432328939437866,0.13836194574832916,2.1016845703125,0.015106488950550556,1.6765096187591553,1396.959873327616,1173.268377176591,1436.7785204745494,1303.7383115239975,2979.449932391827,3010.4112240257705,0.03489332932692308,0.015869707350059097,0.20859389007091522,0.021233458071947098,0.16154885292053223,0.15718786418437958,0.21742160618305206,0.2484893798828125,0.2834321856498718,0.32659342885017395,0.3065488934516907,0.33791399002075195,0.31838980317115784,0.26492592692375183,0.20173406600952148,0.15654560923576355,103.359375
110,jazz_jazz_artist3_00.wav,jazz,jazz_artist3,test,-287.6526794433594,154.38929748535156,97.82665252685547,46.673770904541016,-3.575387716293335,25.999530792236328,-35.92820739746094,17.963407516479492,-14.123472213745117,14.129956245422363,-7.229740619659424,11.900923728942871,-19.25684928894043,14.37835693359375,-24.38847541809082,11.619187355041504,-19.66278076171875,9.598013877868652,-15.939350128173828,10.757220268249512,-15.276677131652832,9.262479782104492,-19.463115692138672,8.635375022888184,-21.674537658691406,9.876785278320312,-0.8030357956886292,41.22304916381836,0.49035295844078064,9.868575096130371,-0.017060866579413414,4.417273044586182,-0.15377476811408997,4.210163116455078,-0.01353953406214714,2.5877981185913086,0.02709457091987133,2.0402944087982178,-0.034253787249326706,2.639495849609375,-0.12064957618713379,2.3282663822174072,-0.157418355345726,2.0664761066436768,0.041215404868125916,2.19315242767334,0.04150716960430145,1.8802508115768433,-0.09030231833457947,1.874890923500061,-0.019476186484098434,2.198084592819214,1592.1436455980722,1191.4840479592858,1505.159281957952,1237.356606435613,3282.73681640625,2919.9619692744964,0.050713641826923075,0.0310410632980294,0.22512641549110413,0.018510065972805023,0.21199512481689453,0.3330518305301666,0.26996517181396484,0.15819698572158813,0.15775582194328308,0.12225665152072906,0.12375210970640182,0.09317807853221893,0.22330242395401,0.32452869415283203,0.16641417145729065,0.1336703598499298,112.34714673913044
111,jazz_jazz_artist3_01.wav,jazz,jazz_artist3,train,-288.4541320800781,155.92904663085938,89.78551483154297,45.83224868774414,-10.797096252441406,26.62482261657715,-33.910884857177734,16.53073501586914,-9.290144920349121,13.135839462280273,-10.069969177246094,11.672906875610352,-22.941492080688477,15.477286338806152,-19.287578582763672,11.983564376831055,-16.72518539428711,8.55976676940918,-18.84148406982422,10.714408874511719,-17.56590461730957,8.671309471130371,-17.815778732299805,8.077154159545898,-22.091564178466797,9.13623046875,0.7596102356910706,41.799461364746094,0.674570620059967,9.402085304260254,0.458645224571228,5.959842205047607,0.026075275614857674,3.795430898666382,-0.11553316563367844,2.6227376461029053,0.1307828724384308,2.1946094036102295,0.2115020900964737,3.4734034538269043,0.05556313320994377,2.253964424133301,-0.02844313159584999,1.7581535577774048,0.1149931401014328,2.318284749984741,0.13172678649425507,2.015117883682251,0.048723574727773666,1.829506278038025,0.08209839463233948,1.9330673217773438,1668.534662486341,1190.3799192268823,1562.8549514933586,1206.335004560886,3374.915489783654,2859.30806199423,0.05479266826923077,0.031032567864690126,0.20893064141273499,0.01660599373281002,0.12493817508220673,0.16378238797187805,0.22064729034900665,0.19781479239463806,0.1749066412448883,0.107330322265625,0.11687937378883362,0.138472318649292,0.27019765973091125,0.3940278887748718,0.22837677597999573,0.1352824568748474,112.34714673913044
112,jazz_jazz_artist3_02.wav,jazz,jazz_artist3,train,-295.94305419921875,151.91006469726562,94.49916076660156,45.362308502197266,-6.775157451629639,22.399612426757812,-36.89982604980469,17.72432518005371,-11.711881637573242,11.327186584472656,-6.329090118408203,10.681368827819824,-21.54042625427246,13.258971214294434,-24.233535766601562,12.540114402770996,-16.658342361450195,9.299283981323242,-14.862884521484375,9.541280746459961,-19.625980377197266,10.202195167541504,-19.23740577697754,9.243670463562012,-13.457178115844727,11.702343940734863,-0.9342663288116455,40.51167297363281,0.331352174282074,9.638895034790039,-0.12190333753824234,4.130793571472168,-0.11102256923913956,4.160478115081787,0.04677596688270569,1.797512412071228,-0.07564280927181244,1.9110356569290161,-0.10611889511346817,2.5211477279663086,-0.04948068782687187,2.979424238204956,2.2807487766840495e-05,1.6813251972198486,-0.07353585958480835,1.9064632654190063,-0.06389043480157852,2.0833890438079834,-0.020141102373600006,2.166794776916504,-0.12420404702425003,1.8061773777008057,1611.3308893894866,1201.6688291297176,1508.7567368843231,1233.4910358743023,3304.932579627404,2916.930917135777,0.05223106971153846,0.03192426200272087,0.20727594196796417,0.01708318293094635,0.15341073274612427,0.15809322893619537,0.17002493143081665,0.2815079689025879,0.39572224020957947,0.23868612945079803,0.1579214632511139,0.10878375917673111,0.12723831832408905,0.0749339908361435,0.13598348200321198,0.2570916414260864,112.34714673913044
113,jazz_jazz_artist3_03.wav,jazz,jazz_artist3,test,-299.5491638183594,158.002685546875,85.09542846679688,48.910667419433594,-11.887231826782227,32.61220932006836,-30.08546257019043,17.135986328125,-12.133111000061035,14.132266998291016,-13.981415748596191,15.593002319335938,-18.164932250976562,13.088212013244629,-17.4029483795166,12.217244148254395,-23.52174186706543,10.201491355895996,-21.18437385559082,12.237360954284668,-14.720011711120605,7.359508514404297,-16.243267059326172,8.191854476928711,-6.520171165466309,16.325223922729492,0.29012614488601685,42.57933044433594,-0.028300827369093895,10.772318840026855,0.14156752824783325,6.477612018585205,0.12845027446746826,3.9378139972686768,0.05996830761432648,2.9503164291381836,0.07546592503786087,3.0628371238708496,0.07382174581289291,2.463494062423706,0.02733433060348034,2.58921217918396,0.015737056732177734,2.514115810394287,0.13652749359607697,2.556450366973877,0.073984794318676,1.2771869897842407,-0.0036789930891245604,1.714358925819397,0.008824612945318222,3.3231008052825928,1734.2076512065773,1216.3820297916786,1568.992287612741,1197.7531139799034,3490.2837665264424,2868.1054701872517,0.05726412259615385,0.03323967159471877,0.19671788811683655,0.01998736336827278,0.288889616727829,0.2030268758535385,0.19521375000476837,0.09792863577604294,0.029353182762861252,0.08415229618549347,0.18699200451374054,0.0660356655716896,0.05816277116537094,0.12161090224981308,0.34820491075515747,0.594849169254303,112.34714673913044
114,jazz_jazz_artist3_04.wav,jazz,jazz_artist3,train,-280.2570495605469,156.81814575195312,93.90628814697266,44.16532516479492,-5.673652648925781,27.096805572509766,-33.347679138183594,17.591461181640625,-11.641173362731934,13.885697364807129,-8.433419227600098,11.673361778259277,-19.58194351196289,15.645691871643066,-20.290674209594727,11.804122924804688,-18.23694610595703,10.789406776428223,-17.72149658203125,11.169610977172852,-16.269317626953125,8.88794231414795,-17.38791275024414,8.276342391967773,-17.850086212158203,13.127138137817383,0.8910536766052246,42.17824172973633,0.3151087462902069,8.714005470275879,0.212330624461174,4.515388488769531,0.04773145914077759,4.096497535705566,-0.07104220986366272,2.3746891021728516,0.10575655102729797,1.9252088069915771,0.0781160369515419,2.97064471244812,-0.02065005712211132,2.475796937942505,0.022204168140888214,2.2991015911102295,0.06579945236444473,2.2101707458496094,0.08876966685056686,1.9075639247894287,-0.05461108684539795,1.699496865272522,-0.11224696785211563,2.32855486869812,1643.4043431765956,1176.5572065994277,1565.9130356590783,1222.6802498275879,3366.302208533654,2890.0049115758625,0.054845252403846155,0.03279100855239753,0.22120161354541779,0.017816949635744095,0.18688765168190002,0.20336288213729858,0.2207513302564621,0.18292543292045593,0.14707070589065552,0.11812223494052887,0.1533593237400055,0.1453740894794464,0.253921777009964,0.23070532083511353,0.21264049410820007,0.2789689004421234,112.34714673913044
115,jazz_jazz_artist3_05.wav,jazz,jazz_artist3,test,-287.332763671875,156.04318237304688,91.82193756103516,47.58628463745117,-6.329850196838379,29.785175323486328,-33.3912239074707,16.662105560302734,-13.903149604797363,14.922800064086914,-9.946893692016602,13.087258338928223,-18.22957992553711,15.028578758239746,-20.19561767578125,11.400120735168457,-21.054410934448242,11.022651672363281,-19.473621368408203,11.189542770385742,-15.564167976379395,8.54214859008789,-16.72811508178711,7.788160800933838,-15.740377426147461,14.813013076782227,0.17565612494945526,42.0449333190918,0.037144001573324203,9.915406227111816,0.25011366605758667,4.691981315612793,0.11156707257032394,3.9233858585357666,0.03499433770775795,2.7014822959899902,0.08831222355365753,1.9966415166854858,0.04154648259282112,2.7263269424438477,0.06286594271659851,2.297701358795166,0.055299729108810425,2.4745306968688965,0.08303841948509216,2.1800801753997803,0.07148486375808716,1.5705316066741943,-0.006435863673686981,1.6532751321792603,-0.07332483679056168,2.5525076389312744,1671.0878806820147,1232.4379609282223,1545.6829432855084,1231.8159745509956,3405.061974158654,2956.7226638104557,0.05374849759615385,0.032105723385821294,0.21846681833267212,0.021205198019742966,0.3013061583042145,0.27106428146362305,0.13752128183841705,0.09947195649147034,0.11587362736463547,0.12519502639770508,0.16272957623004913,0.12971000373363495,0.2129964381456375,0.1891978681087494,0.23943020403385162,0.3700234591960907,112.34714673913044
116,jazz_jazz_artist3_06.wav,jazz,jazz_artist3,train,-283.1581726074219,156.33807373046875,97.34999084472656,44.158531188964844,-2.490078926086426,22.65328025817871,-36.140960693359375,17.690298080444336,-13.816838264465332,13.281530380249023,-5.647821426391602,9.306609153747559,-18.805160522460938,14.80266284942627,-22.864404678344727,12.396696090698242,-17.92881965637207,9.471243858337402,-15.096505165100098,9.88236141204834,-16.025178909301758,10.5912446975708,-18.89542007446289,8.561238288879395,-19.80406379699707,9.194498062133789,0.6708808541297913,41.90274429321289,0.3261520266532898,9.077790260314941,0.053688328713178635,3.395646810531616,0.028644884005188942,4.3587870597839355,0.057941317558288574,1.85432767868042,0.040428806096315384,1.5599079132080078,0.042525891214609146,2.4578917026519775,0.02990361675620079,2.8304054737091064,-0.009865311905741692,1.8827576637268066,-0.04326615110039711,1.86492919921875,0.02330973744392395,2.1931777000427246,0.022779112681746483,1.94579017162323,0.029644830152392387,2.123737335205078,1611.254916164754,1192.9511212411626,1546.5240438542644,1232.4970030472082,3277.684795673077,2892.9192897808966,0.05338416466346154,0.033769451114904196,0.21731308102607727,0.018468845635652542,0.21806834638118744,0.3535643219947815,0.2615576386451721,0.15669038891792297,0.19455040991306305,0.1702561378479004,0.19835889339447021,0.12753117084503174,0.1431490033864975,0.2108587622642517,0.1526148021221161,0.15549948811531067,112.34714673913044
117,jazz_jazz_artist3_07.wav,jazz,jazz_artist3,test,-279.4139404296875,156.81088256835938,91.95452117919922,42.96302795410156,-8.800759315490723,29.309036254882812,-33.14296340942383,16.37836456298828,-11.36622428894043,13.88215160369873,-10.82540225982666,12.387887954711914,-19.63981056213379,16.188072204589844,-19.448068618774414,10.54574966430664,-19.37679100036621,10.605866432189941,-19.354080200195312,10.957783699035645,-15.570616722106934,9.370695114135742,-15.255500793457031,7.692124843597412,-16.408401489257812,13.66712760925293,-0.1543804407119751,41.2037353515625,0.8726194500923157,8.794377326965332,0.241596519947052,5.248927593231201,-0.036670830100774765,3.7155299186706543,-0.16026687622070312,2.5420072078704834,-0.009063133969902992,2.225731134414673,0.0969129204750061,3.005221128463745,0.04676995053887367,2.139904260635376,-0.05903487652540207,2.0953176021575928,-0.0042192633263766766,2.209888219833374,0.0912400633096695,1.9622677564620972,0.04376239702105522,1.7247657775878906,-0.08954694867134094,2.8756768703460693,1651.7317081138945,1145.4786927486314,1580.3311505778609,1201.3398459157727,3346.0113055889424,2852.3314930800393,0.05544621394230769,0.03211151781528816,0.2245437055826187,0.017733892425894737,0.22244316339492798,0.1627003252506256,0.14357738196849823,0.1445188671350479,0.12491079419851303,0.10760417580604553,0.16392868757247925,0.1553402543067932,0.26204073429107666,0.219680517911911,0.2391786128282547,0.37967950105667114,112.34714673913044
118,jazz_jazz_artist3_08.wav,jazz,jazz_artist3,test,-287.2901611328125,159.1685333251953,84.43742370605469,39.2890739440918,-17.92795753479004,24.157381057739258,-33.2098274230957,16.46845245361328,-5.410383224487305,10.880012512207031,-11.94961166381836,10.670087814331055,-26.875267028808594,14.932791709899902,-18.197134017944336,10.463584899902344,-13.401816368103027,7.457581996917725,-20.29090118408203,11.087950706481934,-20.349443435668945,9.19329833984375,-17.110702514648438,7.504124641418457,-19.319692611694336,11.194260597229004,0.7984607219696045,42.881229400634766,0.3192581236362457,7.872323513031006,-0.06249929592013359,4.953087329864502,-0.06783680617809296,3.757660388946533,-0.03518384322524071,2.017019033432007,0.027968795970082283,2.059917688369751,0.019807536154985428,3.4439783096313477,-0.027641428634524345,2.1551027297973633,-0.040954962372779846,1.433866024017334,0.04403509572148323,2.5086581707000732,0.10008471459150314,2.1050450801849365,0.019019808620214462,1.6197212934494019,0.1582733541727066,2.5012357234954834,1708.7050501623821,1167.6092693175553,1570.8489098784246,1188.7553214553911,3431.647198016827,2813.21597925971,0.05732046274038462,0.032426744784604465,0.21108123660087585,0.0177165400236845,0.11052162945270538,0.04947949945926666,0.03622310236096382,0.11599092930555344,0.2705180048942566,0.20367290079593658,0.14403778314590454,0.15415886044502258,0.32405588030815125,0.41580939292907715,0.2389681190252304,0.1664181351661682,112.34714673913044
119,jazz_jazz_artist3_09.wav,jazz,jazz_artist3,train,-291.8682861328125,156.65139770507812,85.70525360107422,40.37672805786133,-16.082706451416016,22.79608726501465,-34.745296478271484,16.730607986450195,-7.536746978759766,10.560781478881836,-9.927602767944336,12.668426513671875,-25.247699737548828,13.530882835388184,-21.509668350219727,12.4937744140625,-16.083345413208008,8.727394104003906,-18.578786849975586,11.949845314025879,-18.895248413085938,9.783235549926758,-17.82903480529785,8.635848045349121,-16.879924774169922,12.13771915435791,0.20048686861991882,42.15233612060547,-0.10619952529668808,9.084832191467285,0.07229132950305939,4.278175354003906,0.059536948800086975,4.077462673187256,-0.010105587542057037,1.9555449485778809,0.012540421448647976,2.2552874088287354,0.0444914735853672,2.7745919227600098,0.031667616218328476,2.811542510986328,0.048346664756536484,1.8176071643829346,0.0422951765358448,2.419377088546753,0.053505588322877884,2.093332290649414,0.02047508768737316,1.981550931930542,0.026458842679858208,2.4131391048431396,1706.0458207048111,1203.86100748085,1559.499267616974,1209.4039225494403,3456.824481670673,2899.5723002732348,0.05526592548076923,0.031071831940587064,0.21026596426963806,0.020695842802524567,0.13292808830738068,0.21196404099464417,0.19726622104644775,0.1409887671470642,0.16304905712604523,0.16774886846542358,0.2525462508201599,0.153336763381958,0.2005174458026886,0.31919318437576294,0.1630789339542389,0.1360536366701126,112.34714673913044
